ticker,name,compositeFIGI,marketSector,securityType,securityDescription,exchangeCode,shareClassFIGI,sector,industryGroup,industry
0111145D,N/A,N/A,N/A,N/A,N/A,N/A,N/A,N/A,N/A,N/A
0202445Q,N/A,N/A,N/A,N/A,N/A,N/A,N/A,N/A,N/A,N/A
0203524D,N/A,N/A,N/A,N/A,N/A,N/A,N/A,N/A,N/A,N/A
0226226D,N/A,N/A,N/A,N/A,N/A,N/A,N/A,N/A,N/A,N/A
0376152D,N/A,N/A,N/A,N/A,N/A,N/A,N/A,N/A,N/A,N/A
0440296D,N/A,N/A,N/A,N/A,N/A,N/A,N/A,N/A,N/A,N/A
0544749D,N/A,N/A,N/A,N/A,N/A,N/A,N/A,N/A,N/A,N/A
0574018D,N/A,N/A,N/A,N/A,N/A,N/A,N/A,N/A,N/A,N/A
0598884D,N/A,N/A,N/A,N/A,N/A,N/A,N/A,N/A,N/A,N/A
0772031D,N/A,N/A,N/A,N/A,N/A,N/A,N/A,N/A,N/A,N/A
0820143D,N/A,N/A,N/A,N/A,N/A,N/A,N/A,N/A,N/A,N/A
0848680D,N/A,N/A,N/A,N/A,N/A,N/A,N/A,N/A,N/A,N/A
0867887D,N/A,N/A,N/A,N/A,N/A,N/A,N/A,N/A,N/A,N/A
0872237D,N/A,N/A,N/A,N/A,N/A,N/A,N/A,N/A,N/A,N/A
0910150D,N/A,N/A,N/A,N/A,N/A,N/A,N/A,N/A,N/A,N/A
0943554D,N/A,N/A,N/A,N/A,N/A,N/A,N/A,N/A,N/A,N/A
0948669D,N/A,N/A,N/A,N/A,N/A,N/A,N/A,N/A,N/A,N/A
0961514D,N/A,N/A,N/A,N/A,N/A,N/A,N/A,N/A,N/A,N/A
0964591D,N/A,N/A,N/A,N/A,N/A,N/A,N/A,N/A,N/A,N/A
1005945D,N/A,N/A,N/A,N/A,N/A,N/A,N/A,N/A,N/A,N/A
1013207D,N/A,N/A,N/A,N/A,N/A,N/A,N/A,N/A,N/A,N/A
1028411Q,N/A,N/A,N/A,N/A,N/A,N/A,N/A,N/A,N/A,N/A
1040983D,N/A,N/A,N/A,N/A,N/A,N/A,N/A,N/A,N/A,N/A
1051665D,N/A,N/A,N/A,N/A,N/A,N/A,N/A,N/A,N/A,N/A
1073675D,N/A,N/A,N/A,N/A,N/A,N/A,N/A,N/A,N/A,N/A
1086832D,N/A,N/A,N/A,N/A,N/A,N/A,N/A,N/A,N/A,N/A
1166Q,N/A,N/A,N/A,N/A,N/A,N/A,N/A,N/A,N/A,N/A
1199Q,N/A,N/A,N/A,N/A,N/A,N/A,N/A,N/A,N/A,N/A
1237Q,N/A,N/A,N/A,N/A,N/A,N/A,N/A,N/A,N/A,N/A
1255173D,N/A,N/A,N/A,N/A,N/A,N/A,N/A,N/A,N/A,N/A
1255177D,N/A,N/A,N/A,N/A,N/A,N/A,N/A,N/A,N/A,N/A
1255459D,N/A,N/A,N/A,N/A,N/A,N/A,N/A,N/A,N/A,N/A
126784Q,N/A,N/A,N/A,N/A,N/A,N/A,N/A,N/A,N/A,N/A
1270Q,N/A,N/A,N/A,N/A,N/A,N/A,N/A,N/A,N/A,N/A
1280712D,N/A,N/A,N/A,N/A,N/A,N/A,N/A,N/A,N/A,N/A
1281683D,N/A,N/A,N/A,N/A,N/A,N/A,N/A,N/A,N/A,N/A
1284849D,N/A,N/A,N/A,N/A,N/A,N/A,N/A,N/A,N/A,N/A
1288453D,N/A,N/A,N/A,N/A,N/A,N/A,N/A,N/A,N/A,N/A
1288652D,N/A,N/A,N/A,N/A,N/A,N/A,N/A,N/A,N/A,N/A
1291Q,N/A,N/A,N/A,N/A,N/A,N/A,N/A,N/A,N/A,N/A
1293405D,N/A,N/A,N/A,N/A,N/A,N/A,N/A,N/A,N/A,N/A
1297Q,N/A,N/A,N/A,N/A,N/A,N/A,N/A,N/A,N/A,N/A
1312089D,N/A,N/A,N/A,N/A,N/A,N/A,N/A,N/A,N/A,N/A
1317355D,N/A,N/A,N/A,N/A,N/A,N/A,N/A,N/A,N/A,N/A
1327Q,N/A,N/A,N/A,N/A,N/A,N/A,N/A,N/A,N/A,N/A
134618Q,N/A,N/A,N/A,N/A,N/A,N/A,N/A,N/A,N/A,N/A
1356Q,N/A,N/A,N/A,N/A,N/A,N/A,N/A,N/A,N/A,N/A
1377Q,N/A,N/A,N/A,N/A,N/A,N/A,N/A,N/A,N/A,N/A
140402Q,N/A,N/A,N/A,N/A,N/A,N/A,N/A,N/A,N/A,N/A
1423Q,N/A,N/A,N/A,N/A,N/A,N/A,N/A,N/A,N/A,N/A
1431816D,N/A,N/A,N/A,N/A,N/A,N/A,N/A,N/A,N/A,N/A
1436513D,N/A,N/A,N/A,N/A,N/A,N/A,N/A,N/A,N/A,N/A
1448062D,N/A,N/A,N/A,N/A,N/A,N/A,N/A,N/A,N/A,N/A
1455Q,N/A,N/A,N/A,N/A,N/A,N/A,N/A,N/A,N/A,N/A
1456Q,N/A,N/A,N/A,N/A,N/A,N/A,N/A,N/A,N/A,N/A
1463Q,N/A,N/A,N/A,N/A,N/A,N/A,N/A,N/A,N/A,N/A
1500785D,N/A,N/A,N/A,N/A,N/A,N/A,N/A,N/A,N/A,N/A
1511Q,N/A,N/A,N/A,N/A,N/A,N/A,N/A,N/A,N/A,N/A
1513Q,N/A,N/A,N/A,N/A,N/A,N/A,N/A,N/A,N/A,N/A
1518855D,N/A,N/A,N/A,N/A,N/A,N/A,N/A,N/A,N/A,N/A
1519128D,N/A,N/A,N/A,N/A,N/A,N/A,N/A,N/A,N/A,N/A
1520415D,N/A,N/A,N/A,N/A,N/A,N/A,N/A,N/A,N/A,N/A
1524867D,N/A,N/A,N/A,N/A,N/A,N/A,N/A,N/A,N/A,N/A
1528159D,N/A,N/A,N/A,N/A,N/A,N/A,N/A,N/A,N/A,N/A
1530Q,N/A,N/A,N/A,N/A,N/A,N/A,N/A,N/A,N/A,N/A
1539547D,N/A,N/A,N/A,N/A,N/A,N/A,N/A,N/A,N/A,N/A
1539941D,N/A,N/A,N/A,N/A,N/A,N/A,N/A,N/A,N/A,N/A
1541931D,N/A,N/A,N/A,N/A,N/A,N/A,N/A,N/A,N/A,N/A
1558530D,N/A,N/A,N/A,N/A,N/A,N/A,N/A,N/A,N/A,N/A
1566019D,N/A,N/A,N/A,N/A,N/A,N/A,N/A,N/A,N/A,N/A
1567Q,N/A,N/A,N/A,N/A,N/A,N/A,N/A,N/A,N/A,N/A
1581Q,N/A,N/A,N/A,N/A,N/A,N/A,N/A,N/A,N/A,N/A
1618Q,N/A,N/A,N/A,N/A,N/A,N/A,N/A,N/A,N/A,N/A
162007Q,N/A,N/A,N/A,N/A,N/A,N/A,N/A,N/A,N/A,N/A
1621582D,N/A,N/A,N/A,N/A,N/A,N/A,N/A,N/A,N/A,N/A
1624Q,N/A,N/A,N/A,N/A,N/A,N/A,N/A,N/A,N/A,N/A
1627457D,N/A,N/A,N/A,N/A,N/A,N/A,N/A,N/A,N/A,N/A
1649858D,N/A,N/A,N/A,N/A,N/A,N/A,N/A,N/A,N/A,N/A
1654539D,N/A,N/A,N/A,N/A,N/A,N/A,N/A,N/A,N/A,N/A
1671Q,N/A,N/A,N/A,N/A,N/A,N/A,N/A,N/A,N/A,N/A
1680Q,N/A,N/A,N/A,N/A,N/A,N/A,N/A,N/A,N/A,N/A
1719Q,N/A,N/A,N/A,N/A,N/A,N/A,N/A,N/A,N/A,N/A
1802Q,N/A,N/A,N/A,N/A,N/A,N/A,N/A,N/A,N/A,N/A
183291Q,N/A,N/A,N/A,N/A,N/A,N/A,N/A,N/A,N/A,N/A
1856Q,N/A,N/A,N/A,N/A,N/A,N/A,N/A,N/A,N/A,N/A
1953Q,N/A,N/A,N/A,N/A,N/A,N/A,N/A,N/A,N/A,N/A
1958Q,N/A,N/A,N/A,N/A,N/A,N/A,N/A,N/A,N/A,N/A
1974Q,N/A,N/A,N/A,N/A,N/A,N/A,N/A,N/A,N/A,N/A
2009Q,N/A,N/A,N/A,N/A,N/A,N/A,N/A,N/A,N/A,N/A
202550Q,N/A,N/A,N/A,N/A,N/A,N/A,N/A,N/A,N/A,N/A
2036Q,N/A,N/A,N/A,N/A,N/A,N/A,N/A,N/A,N/A,N/A
204923Q,N/A,N/A,N/A,N/A,N/A,N/A,N/A,N/A,N/A,N/A
2106Q,N/A,N/A,N/A,N/A,N/A,N/A,N/A,N/A,N/A,N/A
210811Q,N/A,N/A,N/A,N/A,N/A,N/A,N/A,N/A,N/A,N/A
210967Q,N/A,N/A,N/A,N/A,N/A,N/A,N/A,N/A,N/A,N/A
2168Q,N/A,N/A,N/A,N/A,N/A,N/A,N/A,N/A,N/A,N/A
2196Q,N/A,N/A,N/A,N/A,N/A,N/A,N/A,N/A,N/A,N/A
2200Q,N/A,N/A,N/A,N/A,N/A,N/A,N/A,N/A,N/A,N/A
2206Q,N/A,N/A,N/A,N/A,N/A,N/A,N/A,N/A,N/A,N/A
2218Q,N/A,N/A,N/A,N/A,N/A,N/A,N/A,N/A,N/A,N/A
2223Q,N/A,N/A,N/A,N/A,N/A,N/A,N/A,N/A,N/A,N/A
222435Q,N/A,N/A,N/A,N/A,N/A,N/A,N/A,N/A,N/A,N/A
2245Q,N/A,N/A,N/A,N/A,N/A,N/A,N/A,N/A,N/A,N/A
2251Q,N/A,N/A,N/A,N/A,N/A,N/A,N/A,N/A,N/A,N/A
2254Q,N/A,N/A,N/A,N/A,N/A,N/A,N/A,N/A,N/A,N/A
2269312Q,N/A,N/A,N/A,N/A,N/A,N/A,N/A,N/A,N/A,N/A
2282655Q,N/A,N/A,N/A,N/A,N/A,N/A,N/A,N/A,N/A,N/A
2284Q,N/A,N/A,N/A,N/A,N/A,N/A,N/A,N/A,N/A,N/A
228510Q,N/A,N/A,N/A,N/A,N/A,N/A,N/A,N/A,N/A,N/A
2288005Q,N/A,N/A,N/A,N/A,N/A,N/A,N/A,N/A,N/A,N/A
2292198Q,N/A,N/A,N/A,N/A,N/A,N/A,N/A,N/A,N/A,N/A
2307532Q,N/A,N/A,N/A,N/A,N/A,N/A,N/A,N/A,N/A,N/A
231079Q,N/A,N/A,N/A,N/A,N/A,N/A,N/A,N/A,N/A,N/A
231330Q,N/A,N/A,N/A,N/A,N/A,N/A,N/A,N/A,N/A,N/A
2340361Q,N/A,N/A,N/A,N/A,N/A,N/A,N/A,N/A,N/A,N/A
236555Q,N/A,N/A,N/A,N/A,N/A,N/A,N/A,N/A,N/A,N/A
2428Q,N/A,N/A,N/A,N/A,N/A,N/A,N/A,N/A,N/A,N/A
244630Q,N/A,N/A,N/A,N/A,N/A,N/A,N/A,N/A,N/A,N/A
2500Q,N/A,N/A,N/A,N/A,N/A,N/A,N/A,N/A,N/A,N/A
253647Q,N/A,N/A,N/A,N/A,N/A,N/A,N/A,N/A,N/A,N/A
2576Q,N/A,N/A,N/A,N/A,N/A,N/A,N/A,N/A,N/A,N/A
2603Q,N/A,N/A,N/A,N/A,N/A,N/A,N/A,N/A,N/A,N/A
263179Q,N/A,N/A,N/A,N/A,N/A,N/A,N/A,N/A,N/A,N/A
2638Q,N/A,N/A,N/A,N/A,N/A,N/A,N/A,N/A,N/A,N/A
2641504Q,N/A,N/A,N/A,N/A,N/A,N/A,N/A,N/A,N/A,N/A
2650Q,N/A,N/A,N/A,N/A,N/A,N/A,N/A,N/A,N/A,N/A
2676187Q,N/A,N/A,N/A,N/A,N/A,N/A,N/A,N/A,N/A,N/A
2691Q,N/A,N/A,N/A,N/A,N/A,N/A,N/A,N/A,N/A,N/A
2727195Q,N/A,N/A,N/A,N/A,N/A,N/A,N/A,N/A,N/A,N/A
2731112Q,N/A,N/A,N/A,N/A,N/A,N/A,N/A,N/A,N/A,N/A
2745Q,N/A,N/A,N/A,N/A,N/A,N/A,N/A,N/A,N/A,N/A
2746Q,N/A,N/A,N/A,N/A,N/A,N/A,N/A,N/A,N/A,N/A
2755Q,N/A,N/A,N/A,N/A,N/A,N/A,N/A,N/A,N/A,N/A
2770014Q,N/A,N/A,N/A,N/A,N/A,N/A,N/A,N/A,N/A,N/A
2784Q,N/A,N/A,N/A,N/A,N/A,N/A,N/A,N/A,N/A,N/A
279776Q,N/A,N/A,N/A,N/A,N/A,N/A,N/A,N/A,N/A,N/A
2822069Q,N/A,N/A,N/A,N/A,N/A,N/A,N/A,N/A,N/A,N/A
285939Q,N/A,N/A,N/A,N/A,N/A,N/A,N/A,N/A,N/A,N/A
291784Q,N/A,N/A,N/A,N/A,N/A,N/A,N/A,N/A,N/A,N/A
2942331Q,N/A,N/A,N/A,N/A,N/A,N/A,N/A,N/A,N/A,N/A
2953349Q,N/A,N/A,N/A,N/A,N/A,N/A,N/A,N/A,N/A,N/A
2964Q,N/A,N/A,N/A,N/A,N/A,N/A,N/A,N/A,N/A,N/A
2968900Q,N/A,N/A,N/A,N/A,N/A,N/A,N/A,N/A,N/A,N/A
2972Q,N/A,N/A,N/A,N/A,N/A,N/A,N/A,N/A,N/A,N/A
297504Q,N/A,N/A,N/A,N/A,N/A,N/A,N/A,N/A,N/A,N/A
2987536Q,N/A,N/A,N/A,N/A,N/A,N/A,N/A,N/A,N/A,N/A
2987Q,N/A,N/A,N/A,N/A,N/A,N/A,N/A,N/A,N/A,N/A
2999130Q,N/A,N/A,N/A,N/A,N/A,N/A,N/A,N/A,N/A,N/A
300583Q,N/A,N/A,N/A,N/A,N/A,N/A,N/A,N/A,N/A,N/A
301710Q,N/A,N/A,N/A,N/A,N/A,N/A,N/A,N/A,N/A,N/A
3022239Q,N/A,N/A,N/A,N/A,N/A,N/A,N/A,N/A,N/A,N/A
3026360Q,N/A,N/A,N/A,N/A,N/A,N/A,N/A,N/A,N/A,N/A
3029830Q,N/A,N/A,N/A,N/A,N/A,N/A,N/A,N/A,N/A,N/A
304024Q,N/A,N/A,N/A,N/A,N/A,N/A,N/A,N/A,N/A,N/A
3054Q,N/A,N/A,N/A,N/A,N/A,N/A,N/A,N/A,N/A,N/A
3075558Q,N/A,N/A,N/A,N/A,N/A,N/A,N/A,N/A,N/A,N/A
3080867Q,N/A,N/A,N/A,N/A,N/A,N/A,N/A,N/A,N/A,N/A
3133754Q,N/A,N/A,N/A,N/A,N/A,N/A,N/A,N/A,N/A,N/A
3147596Q,N/A,N/A,N/A,N/A,N/A,N/A,N/A,N/A,N/A,N/A
3147Q,N/A,N/A,N/A,N/A,N/A,N/A,N/A,N/A,N/A,N/A
3153670Q,N/A,N/A,N/A,N/A,N/A,N/A,N/A,N/A,N/A,N/A
316419Q,N/A,N/A,N/A,N/A,N/A,N/A,N/A,N/A,N/A,N/A
3179Q,N/A,N/A,N/A,N/A,N/A,N/A,N/A,N/A,N/A,N/A
3253Q,N/A,N/A,N/A,N/A,N/A,N/A,N/A,N/A,N/A,N/A
3277Q,N/A,N/A,N/A,N/A,N/A,N/A,N/A,N/A,N/A,N/A
3286728Q,N/A,N/A,N/A,N/A,N/A,N/A,N/A,N/A,N/A,N/A
329556Q,N/A,N/A,N/A,N/A,N/A,N/A,N/A,N/A,N/A,N/A
3301Q,N/A,N/A,N/A,N/A,N/A,N/A,N/A,N/A,N/A,N/A
3346Q,N/A,N/A,N/A,N/A,N/A,N/A,N/A,N/A,N/A,N/A
334702Q,N/A,N/A,N/A,N/A,N/A,N/A,N/A,N/A,N/A,N/A
3362726Q,N/A,N/A,N/A,N/A,N/A,N/A,N/A,N/A,N/A,N/A
3393199Q,N/A,N/A,N/A,N/A,N/A,N/A,N/A,N/A,N/A,N/A
3403545Q,N/A,N/A,N/A,N/A,N/A,N/A,N/A,N/A,N/A,N/A
3414924Q,N/A,N/A,N/A,N/A,N/A,N/A,N/A,N/A,N/A,N/A
3423152Q,N/A,N/A,N/A,N/A,N/A,N/A,N/A,N/A,N/A,N/A
3459Q,N/A,N/A,N/A,N/A,N/A,N/A,N/A,N/A,N/A,N/A
3517233Q,N/A,N/A,N/A,N/A,N/A,N/A,N/A,N/A,N/A,N/A
3520842Q,N/A,N/A,N/A,N/A,N/A,N/A,N/A,N/A,N/A,N/A
3546Q,N/A,N/A,N/A,N/A,N/A,N/A,N/A,N/A,N/A,N/A
355488Q,N/A,N/A,N/A,N/A,N/A,N/A,N/A,N/A,N/A,N/A
3605818Q,N/A,N/A,N/A,N/A,N/A,N/A,N/A,N/A,N/A,N/A
3619382Q,N/A,N/A,N/A,N/A,N/A,N/A,N/A,N/A,N/A,N/A
3621240Q,N/A,N/A,N/A,N/A,N/A,N/A,N/A,N/A,N/A,N/A
363096Q,N/A,N/A,N/A,N/A,N/A,N/A,N/A,N/A,N/A,N/A
3691661Q,N/A,N/A,N/A,N/A,N/A,N/A,N/A,N/A,N/A,N/A
3692470Q,N/A,N/A,N/A,N/A,N/A,N/A,N/A,N/A,N/A,N/A
370506Q,N/A,N/A,N/A,N/A,N/A,N/A,N/A,N/A,N/A,N/A
375573Q,N/A,N/A,N/A,N/A,N/A,N/A,N/A,N/A,N/A,N/A
3891289Q,N/A,N/A,N/A,N/A,N/A,N/A,N/A,N/A,N/A,N/A
390297Q,N/A,N/A,N/A,N/A,N/A,N/A,N/A,N/A,N/A,N/A
399463Q,N/A,N/A,N/A,N/A,N/A,N/A,N/A,N/A,N/A,N/A
41018Q,N/A,N/A,N/A,N/A,N/A,N/A,N/A,N/A,N/A,N/A
45200Q,N/A,N/A,N/A,N/A,N/A,N/A,N/A,N/A,N/A,N/A
45861Q,N/A,N/A,N/A,N/A,N/A,N/A,N/A,N/A,N/A,N/A
4621824Q,N/A,N/A,N/A,N/A,N/A,N/A,N/A,N/A,N/A,N/A
502466Q,N/A,N/A,N/A,N/A,N/A,N/A,N/A,N/A,N/A,N/A
504369Q,N/A,N/A,N/A,N/A,N/A,N/A,N/A,N/A,N/A,N/A
519239Q,N/A,N/A,N/A,N/A,N/A,N/A,N/A,N/A,N/A,N/A
54279Q,N/A,N/A,N/A,N/A,N/A,N/A,N/A,N/A,N/A,N/A
544791Q,N/A,N/A,N/A,N/A,N/A,N/A,N/A,N/A,N/A,N/A
548227Q,N/A,N/A,N/A,N/A,N/A,N/A,N/A,N/A,N/A,N/A
571300Q,N/A,N/A,N/A,N/A,N/A,N/A,N/A,N/A,N/A,N/A
605018Q,N/A,N/A,N/A,N/A,N/A,N/A,N/A,N/A,N/A,N/A
605555Q,N/A,N/A,N/A,N/A,N/A,N/A,N/A,N/A,N/A,N/A
611647Q,N/A,N/A,N/A,N/A,N/A,N/A,N/A,N/A,N/A,N/A
62553Q,N/A,N/A,N/A,N/A,N/A,N/A,N/A,N/A,N/A,N/A
653707Q,N/A,N/A,N/A,N/A,N/A,N/A,N/A,N/A,N/A,N/A
667517Q,N/A,N/A,N/A,N/A,N/A,N/A,N/A,N/A,N/A,N/A
677004Q,N/A,N/A,N/A,N/A,N/A,N/A,N/A,N/A,N/A,N/A
680884Q,N/A,N/A,N/A,N/A,N/A,N/A,N/A,N/A,N/A,N/A
68335Q,N/A,N/A,N/A,N/A,N/A,N/A,N/A,N/A,N/A,N/A
693365Q,N/A,N/A,N/A,N/A,N/A,N/A,N/A,N/A,N/A,N/A
69895Q,N/A,N/A,N/A,N/A,N/A,N/A,N/A,N/A,N/A,N/A
723588Q,N/A,N/A,N/A,N/A,N/A,N/A,N/A,N/A,N/A,N/A
739306Q,N/A,N/A,N/A,N/A,N/A,N/A,N/A,N/A,N/A,N/A
748957Q,N/A,N/A,N/A,N/A,N/A,N/A,N/A,N/A,N/A,N/A
764144Q,N/A,N/A,N/A,N/A,N/A,N/A,N/A,N/A,N/A,N/A
8206908Q,N/A,N/A,N/A,N/A,N/A,N/A,N/A,N/A,N/A,N/A
8214761Q,N/A,N/A,N/A,N/A,N/A,N/A,N/A,N/A,N/A,N/A
827663Q,N/A,N/A,N/A,N/A,N/A,N/A,N/A,N/A,N/A,N/A
8277831Q,N/A,N/A,N/A,N/A,N/A,N/A,N/A,N/A,N/A,N/A
8375930Q,N/A,N/A,N/A,N/A,N/A,N/A,N/A,N/A,N/A,N/A
8394653Q,N/A,N/A,N/A,N/A,N/A,N/A,N/A,N/A,N/A,N/A
841273Q,N/A,N/A,N/A,N/A,N/A,N/A,N/A,N/A,N/A,N/A
89236Q,N/A,N/A,N/A,N/A,N/A,N/A,N/A,N/A,N/A,N/A
896661Q,N/A,N/A,N/A,N/A,N/A,N/A,N/A,N/A,N/A,N/A
90457Q,N/A,N/A,N/A,N/A,N/A,N/A,N/A,N/A,N/A,N/A
929530Q,N/A,N/A,N/A,N/A,N/A,N/A,N/A,N/A,N/A,N/A
93916Q,N/A,N/A,N/A,N/A,N/A,N/A,N/A,N/A,N/A,N/A
945852Q,N/A,N/A,N/A,N/A,N/A,N/A,N/A,N/A,N/A,N/A
950967Q,N/A,N/A,N/A,N/A,N/A,N/A,N/A,N/A,N/A,N/A
968734Q,N/A,N/A,N/A,N/A,N/A,N/A,N/A,N/A,N/A,N/A
987200Q,N/A,N/A,N/A,N/A,N/A,N/A,N/A,N/A,N/A,N/A
9876544D,N/A,N/A,N/A,N/A,N/A,N/A,N/A,N/A,N/A,N/A
9876549D,N/A,N/A,N/A,N/A,N/A,N/A,N/A,N/A,N/A,N/A
9876566D,N/A,N/A,N/A,N/A,N/A,N/A,N/A,N/A,N/A,N/A
A,AGILENT TECHNOLOGIES INC,BBG000C2V3D6,Equity,Common Stock,A,N/A,BBG001SCTQY4,N/A,N/A,N/A
AA,ALCOA CORP,BBG00B3T3HD3,Equity,Common Stock,AA,N/A,BBG00B3T3HF1,N/A,N/A,N/A
AAL,AMERICAN AIRLINES GROUP INC,BBG005P7Q881,Equity,Common Stock,AAL,N/A,BBG005P7Q907,N/A,N/A,N/A
AALEA,N/A,N/A,N/A,N/A,N/A,N/A,N/A,N/A,N/A,N/A
AAMRQ,N/A,N/A,N/A,N/A,N/A,N/A,N/A,N/A,N/A,N/A
AAP,ADVANCE AUTO PARTS INC,BBG000F7RCJ1,Equity,Common Stock,AAP,N/A,BBG001SD2SB2,N/A,N/A,N/A
AAPL,APPLE INC,BBG000B9XRY4,Equity,Common Stock,AAPL,N/A,BBG001S5N8V8,N/A,N/A,N/A
ABBV,ABBVIE INC,BBG0025Y4RY4,Equity,Common Stock,ABBV,N/A,BBG0025Y4RZ3,N/A,N/A,N/A
ABC,N/A,N/A,N/A,N/A,N/A,N/A,N/A,N/A,N/A,N/A
ABKFQ,N/A,N/A,N/A,N/A,N/A,N/A,N/A,N/A,N/A,N/A
ABMD,N/A,N/A,N/A,N/A,N/A,N/A,N/A,N/A,N/A,N/A
ABT,ABBOTT LABORATORIES,BBG000B9ZXB4,Equity,Common Stock,ABT,N/A,BBG001S5N9M6,N/A,N/A,N/A
ABX,ABACUS GLOBAL MANAGEMENT INC,BBG00VY1KB95,Equity,Common Stock,ABX,N/A,BBG00VY1KBC1,N/A,N/A,N/A
ACAS,N/A,N/A,N/A,N/A,N/A,N/A,N/A,N/A,N/A,N/A
ACKH,N/A,N/A,N/A,N/A,N/A,N/A,N/A,N/A,N/A,N/A
ACN,ACCENTURE PLC-CL A,BBG000D9D830,Equity,Common Stock,ACN,N/A,BBG001SCXK90,N/A,N/A,N/A
ADBE,ADOBE INC,BBG000BB5006,Equity,Common Stock,ADBE,N/A,BBG001S5NCQ5,N/A,N/A,N/A
ADCT,ADC THERAPEUTICS SA,BBG00Q6Q3QX1,Equity,Common Stock,ADCT,N/A,BBG00Q6Q3RN0,N/A,N/A,N/A
ADI,ANALOG DEVICES INC,BBG000BB6G37,Equity,Common Stock,ADI,N/A,BBG001S5ND38,N/A,N/A,N/A
ADM,ARCHER-DANIELS-MIDLAND CO,BBG000BB6WG8,Equity,Common Stock,ADM,N/A,BBG001S5ND74,N/A,N/A,N/A
ADNT,ADIENT PLC,BBG009PN0C87,Equity,Common Stock,ADNT,N/A,BBG009PN0C96,N/A,N/A,N/A
ADP,AUTOMATIC DATA PROCESSING,BBG000JG0547,Equity,Common Stock,ADP,N/A,BBG001S82KF6,N/A,N/A,N/A
ADS,N/A,N/A,N/A,N/A,N/A,N/A,N/A,N/A,N/A,N/A
ADSK,AUTODESK INC,BBG000BM7HL0,Equity,Common Stock,ADSK,N/A,BBG001S5SCD4,N/A,N/A,N/A
AEE,AMEREN CORPORATION,BBG000B9X8C0,Equity,Common Stock,AEE,N/A,BBG001S5NF24,N/A,N/A,N/A
AEP,AMERICAN ELECTRIC POWER,BBG000BB9KF2,Equity,Common Stock,AEP,N/A,BBG001S5NFD2,N/A,N/A,N/A
AES,AES CORP,BBG000C23KJ3,Equity,Common Stock,AES,N/A,BBG001S6B1L5,N/A,N/A,N/A
AET,N/A,N/A,N/A,N/A,N/A,N/A,N/A,N/A,N/A,N/A
AFL,AFLAC INC,BBG000BBBNC6,Equity,Common Stock,AFL,N/A,BBG001S5NGJ4,N/A,N/A,N/A
AFS,N/A,N/A,N/A,N/A,N/A,N/A,N/A,N/A,N/A,N/A
AGN,N/A,N/A,N/A,N/A,N/A,N/A,N/A,N/A,N/A,N/A
AIG,AMERICAN INTERNATIONAL GROUP,BBG000BBDZG3,Equity,Common Stock,AIG,N/A,BBG001S5NJG1,N/A,N/A,N/A
AIV,APARTMENT INVT & MGMT CO -A,BBG000DD3510,Equity,REIT,AIV,N/A,BBG001S876N3,N/A,N/A,N/A
AIZ,ASSURANT INC,BBG000BZX1N5,Equity,Common Stock,AIZ,N/A,BBG001SD9DW5,N/A,N/A,N/A
AJG,ARTHUR J GALLAGHER & CO,BBG000BBHXQ3,Equity,Common Stock,AJG,N/A,BBG001S5NKC2,N/A,N/A,N/A
AKAM,AKAMAI TECHNOLOGIES INC,BBG000BJQWD2,Equity,Common Stock,AKAM,N/A,BBG001S7YHX0,N/A,N/A,N/A
AKS,N/A,N/A,N/A,N/A,N/A,N/A,N/A,N/A,N/A,N/A
ALB,ALBEMARLE CORP,BBG000BJ26K7,Equity,Common Stock,ALB,N/A,BBG001S7SBP9,N/A,N/A,N/A
ALGN,ALIGN TECHNOLOGY INC,BBG000BRNLL2,Equity,Common Stock,ALGN,N/A,BBG001SCF1B9,N/A,N/A,N/A
ALK,ALASKA AIR GROUP INC,BBG000BBL0Y1,Equity,Common Stock,ALK,N/A,BBG001S5NLG6,N/A,N/A,N/A
ALL,ALLSTATE CORP,BBG000BVMGF2,Equity,Common Stock,ALL,N/A,BBG001S9BM06,N/A,N/A,N/A
ALLE,ALLEGION PLC,BBG003PS7JV1,Equity,Common Stock,ALLE,N/A,BBG003PS7JW0,N/A,N/A,N/A
ALXN,N/A,N/A,N/A,N/A,N/A,N/A,N/A,N/A,N/A,N/A
AMAT,APPLIED MATERIALS INC,BBG000BBPFB9,Equity,Common Stock,AMAT,N/A,BBG001S5NMM7,N/A,N/A,N/A
AMCC,N/A,N/A,N/A,N/A,N/A,N/A,N/A,N/A,N/A,N/A
AMCR,AMCOR PLC,BBG00LNJRQ09,Equity,Common Stock,AMCR,N/A,BBG00LNJRQ18,N/A,N/A,N/A
AMD,ADVANCED MICRO DEVICES,BBG000BBQCY0,Equity,Common Stock,AMD,N/A,BBG001S5NN36,N/A,N/A,N/A
AME,AMETEK INC,BBG000B9XG87,Equity,Common Stock,AME,N/A,BBG001S5NN54,N/A,N/A,N/A
AMG,AFFILIATED MANAGERS GROUP,BBG000C060M4,Equity,Common Stock,AMG,N/A,BBG001S6DMD6,N/A,N/A,N/A
AMGN,AMGEN INC,BBG000BBS2Y0,Equity,Common Stock,AMGN,N/A,BBG001S5NNL6,N/A,N/A,N/A
AMP,AMERIPRISE FINANCIAL INC,BBG000G3QLY3,Equity,Common Stock,AMP,N/A,BBG001SK6096,N/A,N/A,N/A
AMT,AMERICAN TOWER CORP,BBG000B9XYV2,Equity,REIT,AMT,N/A,BBG001S5NPQ6,N/A,N/A,N/A
AMZN,AMAZON.COM INC,BBG000BVPV84,Equity,Common Stock,AMZN,N/A,BBG001S5PQL7,N/A,N/A,N/A
AN,AUTONATION INC,BBG000BBXLW4,Equity,Common Stock,AN,N/A,BBG001S5NQB0,N/A,N/A,N/A
ANDV,N/A,N/A,N/A,N/A,N/A,N/A,N/A,N/A,N/A,N/A
ANDW,N/A,N/A,N/A,N/A,N/A,N/A,N/A,N/A,N/A,N/A
ANET,ARISTA NETWORKS INC,BBG000N2HDY5,Equity,Common Stock,ANET,N/A,BBG001T51KQ0,N/A,N/A,N/A
ANF,ABERCROMBIE & FITCH CO-CL A,BBG000H9G7X2,Equity,Common Stock,ANF,N/A,BBG001S97027,N/A,N/A,N/A
ANRZQ,N/A,N/A,N/A,N/A,N/A,N/A,N/A,N/A,N/A,N/A
ANSS,N/A,N/A,N/A,N/A,N/A,N/A,N/A,N/A,N/A,N/A
ANTM,N/A,N/A,N/A,N/A,N/A,N/A,N/A,N/A,N/A,N/A
AON,AON PLC-CLASS A,BBG00SSQFPK6,Equity,Common Stock,AON,N/A,BBG00SSQFPR9,N/A,N/A,N/A
AOS,SMITH (A.O.) CORP,BBG000BC1L02,Equity,Common Stock,AOS,N/A,BBG001S5NRY3,N/A,N/A,N/A
APA,APA CORP,BBG00YTS96G2,Equity,Common Stock,APA,N/A,BBG00YTS96H1,N/A,N/A,N/A
APC,ARKO PETROLEUM CORP,BBG01Z6HN5H2,Equity,Common Stock,APC,N/A,BBG01Z6HN6H0,N/A,N/A,N/A
APD,AIR PRODUCTS & CHEMICALS INC,BBG000BC4JJ4,Equity,Common Stock,APD,N/A,BBG001S5NSB6,N/A,N/A,N/A
APH,AMPHENOL CORP-CL A,BBG000B9YJ35,Equity,Common Stock,APH,N/A,BBG001S5NSK6,N/A,N/A,N/A
APOL,N/A,N/A,N/A,N/A,N/A,N/A,N/A,N/A,N/A,N/A
APTV,APTIV PLC,BBG01R914LT5,Equity,Common Stock,APTV,N/A,BBG01R914M77,N/A,N/A,N/A
APY,N/A,N/A,N/A,N/A,N/A,N/A,N/A,N/A,N/A,N/A
ARB,ALTSHARES MERGER ARBITRAGE,BBG00S7NVQL5,Equity,ETP,ARB,N/A,BBG00S7NVRB4,N/A,N/A,N/A
ARE,ALEXANDRIA REAL ESTATE EQUIT,BBG000BC33T9,Equity,REIT,ARE,N/A,BBG001S6CPH6,N/A,N/A,N/A
ARG,N/A,N/A,N/A,N/A,N/A,N/A,N/A,N/A,N/A,N/A
ARNC,N/A,N/A,N/A,N/A,N/A,N/A,N/A,N/A,N/A,N/A
AS,AMER SPORTS INC,BBG01KWR26Q5,Equity,Common Stock,AS,N/A,BBG01KWR27K9,N/A,N/A,N/A
ASH,ASHLAND INC,BBG00D0Y81M1,Equity,Common Stock,ASH,N/A,BBG00D0Y81N0,N/A,N/A,N/A
ASIX,ADVANSIX INC,BBG00CWTTQ41,Equity,Common Stock,ASIX,N/A,BBG00CWTTQ32,N/A,N/A,N/A
ATGE,N/A,N/A,N/A,N/A,N/A,N/A,N/A,N/A,N/A,N/A
ATI,ATI INC,BBG000LC1FS4,Equity,Common Stock,ATI,N/A,BBG001S8WY72,N/A,N/A,N/A
ATO,ATMOS ENERGY CORP,BBG000BRNGM2,Equity,Common Stock,ATO,N/A,BBG001S5VG05,N/A,N/A,N/A
ATVI,N/A,N/A,N/A,N/A,N/A,N/A,N/A,N/A,N/A,N/A
AVATQ,N/A,N/A,N/A,N/A,N/A,N/A,N/A,N/A,N/A,N/A
AVB,AVALONBAY COMMUNITIES INC,BBG000BLPBL5,Equity,REIT,AVB,N/A,BBG001S7J2H8,N/A,N/A,N/A
AVGO,BROADCOM INC,BBG00KHY5S69,Equity,Common Stock,AVGO,N/A,BBG00KHY5SY8,N/A,N/A,N/A
AVP,N/A,N/A,N/A,N/A,N/A,N/A,N/A,N/A,N/A,N/A
AVY,AVERY DENNISON CORP,BBG000BCQ4P6,Equity,Common Stock,AVY,N/A,BBG001S5NZM8,N/A,N/A,N/A
AW,N/A,N/A,N/A,N/A,N/A,N/A,N/A,N/A,N/A,N/A
AWE,N/A,N/A,N/A,N/A,N/A,N/A,N/A,N/A,N/A,N/A
AWK,AMERICAN WATER WORKS CO INC,BBG000TRJ294,Equity,Common Stock,AWK,N/A,BBG001SPHYW3,N/A,N/A,N/A
AXP,AMERICAN EXPRESS CO,BBG000BCQZS4,Equity,Common Stock,AXP,N/A,BBG001S5P034,N/A,N/A,N/A
AYE,N/A,N/A,N/A,N/A,N/A,N/A,N/A,N/A,N/A,N/A
AYI,ACUITY INC,BBG000BJ5HK0,Equity,Common Stock,AYI,N/A,BBG001SBG656,N/A,N/A,N/A
AZA,N/A,N/A,N/A,N/A,N/A,N/A,N/A,N/A,N/A,N/A
AZO,AUTOZONE INC,BBG000C7LMS8,Equity,Common Stock,AZO,N/A,BBG001S6Q5D9,N/A,N/A,N/A
BA,BOEING CO/THE,BBG000BCSST7,Equity,Common Stock,BA,N/A,BBG001S5P0V3,N/A,N/A,N/A
BAC,BANK OF AMERICA CORP,BBG000BCTLF6,Equity,Common Stock,BAC,N/A,BBG001S5P0Y0,N/A,N/A,N/A
BAX,BAXTER INTERNATIONAL INC,BBG000BCVJ77,Equity,Common Stock,BAX,N/A,BBG001S5P1K3,N/A,N/A,N/A
BBBY,BED BATH & BEYOND INC,BBG000BF7BV7,Equity,Common Stock,BBBY,N/A,BBG001S64TS5,N/A,N/A,N/A
BBT,BEACON FINANCIAL CORP,BBG000BB00D7,Equity,Common Stock,BBT,N/A,BBG001S5PSK4,N/A,N/A,N/A
BBY,BEST BUY CO INC,BBG000BCWCG1,Equity,Common Stock,BBY,N/A,BBG001S5P285,N/A,N/A,N/A
BC,BRUNSWICK CORP,BBG000BCWSS3,Equity,Common Stock,BC,N/A,BBG001S5P294,N/A,N/A,N/A
BCO,BRINK'S CO/THE,BBG000DR5QP5,Equity,Common Stock,BCO,N/A,BBG001S8PZK2,N/A,N/A,N/A
BCR,N/A,N/A,N/A,N/A,N/A,N/A,N/A,N/A,N/A,N/A
BDK,N/A,N/A,N/A,N/A,N/A,N/A,N/A,N/A,N/A,N/A
BDX,BECTON DICKINSON AND CO,BBG000BCZYD3,Equity,Common Stock,BDX,N/A,BBG001S5P374,N/A,N/A,N/A
BEAM,BEAM THERAPEUTICS INC,BBG00KXC8646,Equity,Common Stock,BEAM,N/A,BBG00KXC8655,N/A,N/A,N/A
BEN,FRANKLIN RESOURCES INC,BBG000BD0TF8,Equity,Common Stock,BEN,N/A,BBG001S5P3W6,N/A,N/A,N/A
BF/B,BROWN-FORMAN CORP-CLASS B,BBG000BD2NY8,Equity,Common Stock,BF/B,N/A,BBG001S5P4H1,N/A,N/A,N/A
BGEN,N/A,N/A,N/A,N/A,N/A,N/A,N/A,N/A,N/A,N/A
BGG,N/A,N/A,N/A,N/A,N/A,N/A,N/A,N/A,N/A,N/A
BHF,BRIGHTHOUSE FINANCIAL INC,BBG00DYPZ4T0,Equity,Common Stock,BHF,N/A,BBG00DYPZ4V7,N/A,N/A,N/A
BHGE,N/A,N/A,N/A,N/A,N/A,N/A,N/A,N/A,N/A,N/A
BHI,N/A,N/A,N/A,N/A,N/A,N/A,N/A,N/A,N/A,N/A
BHMSQ,N/A,N/A,N/A,N/A,N/A,N/A,N/A,N/A,N/A,N/A
BIG,N/A,N/A,N/A,N/A,N/A,N/A,N/A,N/A,N/A,N/A
BIIB,BIOGEN INC,BBG000C17X76,Equity,Common Stock,BIIB,N/A,BBG001S67826,N/A,N/A,N/A
BIVV,N/A,N/A,N/A,N/A,N/A,N/A,N/A,N/A,N/A,N/A
BK,BANK OF NEW YORK MELLON CORP,BBG000BD8PN9,Equity,Common Stock,BK,N/A,BBG001S5P6Q6,N/A,N/A,N/A
BKB,N/A,N/A,N/A,N/A,N/A,N/A,N/A,N/A,N/A,N/A
BKNG,BOOKING HOLDINGS INC,BBG000BLBVN4,Equity,Common Stock,BKNG,N/A,BBG001S89N72,N/A,N/A,N/A
BLK,BLACKROCK INC,BBG01PSW2WN4,Equity,Common Stock,BLK,N/A,BBG01PSW2WR0,N/A,N/A,N/A
BLL,N/A,N/A,N/A,N/A,N/A,N/A,N/A,N/A,N/A,N/A
BLS,N/A,N/A,N/A,N/A,N/A,N/A,N/A,N/A,N/A,N/A
BLY,N/A,N/A,N/A,N/A,N/A,N/A,N/A,N/A,N/A,N/A
BMC,N/A,N/A,N/A,N/A,N/A,N/A,N/A,N/A,N/A,N/A
BMG,N/A,N/A,N/A,N/A,N/A,N/A,N/A,N/A,N/A,N/A
BMS,N/A,N/A,N/A,N/A,N/A,N/A,N/A,N/A,N/A,N/A
BMY,BRISTOL-MYERS SQUIBB CO,BBG000DQLV23,Equity,Common Stock,BMY,N/A,BBG001S8N8J6,N/A,N/A,N/A
BNI,N/A,N/A,N/A,N/A,N/A,N/A,N/A,N/A,N/A,N/A
BOL,N/A,N/A,N/A,N/A,N/A,N/A,N/A,N/A,N/A,N/A
BR,BROADRIDGE FINANCIAL SOLUTIO,BBG000PPFKQ7,Equity,Common Stock,BR,N/A,BBG001SR7MB9,N/A,N/A,N/A
BRCM,N/A,N/A,N/A,N/A,N/A,N/A,N/A,N/A,N/A,N/A
BRK/B,BERKSHIRE HATHAWAY INC-CL B,BBG000DWG505,Equity,Common Stock,BRK/B,N/A,BBG001S90346,N/A,N/A,N/A
BRL,N/A,N/A,N/A,N/A,N/A,N/A,N/A,N/A,N/A,N/A
BSET,BASSETT FURNITURE INDS,BBG000BDRR63,Equity,Common Stock,BSET,N/A,BBG001S5PDC6,N/A,N/A,N/A
BSX,BOSTON SCIENTIFIC CORP,BBG000C0LW92,Equity,Common Stock,BSX,N/A,BBG001S63L94,N/A,N/A,N/A
BTUUQ,N/A,N/A,N/A,N/A,N/A,N/A,N/A,N/A,N/A,N/A
BVSN,N/A,N/A,N/A,N/A,N/A,N/A,N/A,N/A,N/A,N/A
BWA,BORGWARNER INC,BBG000BJ49H3,Equity,Common Stock,BWA,N/A,BBG001S7F4D2,N/A,N/A,N/A
BXLT,N/A,N/A,N/A,N/A,N/A,N/A,N/A,N/A,N/A,N/A
BXP,BXP INC,BBG000BS5CM9,Equity,REIT,BXP,N/A,BBG001S9TWV1,N/A,N/A,N/A
C,CITIGROUP INC,BBG000FY4S11,Equity,Common Stock,C,N/A,BBG001S72ZG4,N/A,N/A,N/A
CA,XTRACKERS CA MUNI BOND ETF,BBG01KC51RB6,Equity,ETP,CA,N/A,BBG01KC51S51,N/A,N/A,N/A
CAG,CONAGRA BRANDS INC,BBG000BDXGP9,Equity,Common Stock,CAG,N/A,BBG001S5PGY5,N/A,N/A,N/A
CAH,CARDINAL HEALTH INC,BBG000D898T9,Equity,Common Stock,CAH,N/A,BBG001S7PC34,N/A,N/A,N/A
CAL,CALERES INC,BBG000CYSFS7,Equity,Common Stock,CAL,N/A,BBG001S76YV6,N/A,N/A,N/A
CAM,AB CALIFORNIA INTER MUNI ETF,BBG01XHF5KW9,Equity,ETP,CAM,N/A,BBG01XHF5LV8,N/A,N/A,N/A
CAR,AVIS BUDGET GROUP INC,BBG000FLPRH1,Equity,Common Stock,CAR,N/A,BBG001S8S6R6,N/A,N/A,N/A
CARS,CARS.COM INC,BBG000HGTH33,Equity,Common Stock,CARS,N/A,BBG001SP6HB5,N/A,N/A,N/A
CAT,CATERPILLAR INC,BBG000BF0K17,Equity,Common Stock,CAT,N/A,BBG001S5PJ06,N/A,N/A,N/A
CB,CHUBB LTD,BBG000BR14K5,Equity,Common Stock,CB,N/A,BBG001S8S1L3,N/A,N/A,N/A
CBE,N/A,N/A,N/A,N/A,N/A,N/A,N/A,N/A,N/A,N/A
CBOE,CBOE GLOBAL MARKETS INC,BBG000QH56C1,Equity,Common Stock,CBOE,N/A,BBG001T71BP7,N/A,N/A,N/A
CBRE,CBRE GROUP INC - A,BBG000C04224,Equity,Common Stock,CBRE,N/A,BBG001SC2D27,N/A,N/A,N/A
CBS,N/A,N/A,N/A,N/A,N/A,N/A,N/A,N/A,N/A,N/A
CCI,CROWN CASTLE INC,BBG000FV1Z23,Equity,REIT,CCI,N/A,BBG001S7W5T3,N/A,N/A,N/A
CCK,CROWN HOLDINGS INC,BBG000BF6756,Equity,Common Stock,CCK,N/A,BBG001S5PKZ5,N/A,N/A,N/A
CCL,CARNIVAL CORP,BBG000BF6LY3,Equity,Common Stock,CCL,N/A,BBG001S5PL01,N/A,N/A,N/A
CCTYQ,N/A,N/A,N/A,N/A,N/A,N/A,N/A,N/A,N/A,N/A
CDNS,CADENCE DESIGN SYS INC,BBG000C13CD9,Equity,Common Stock,CDNS,N/A,BBG001S65YK1,N/A,N/A,N/A
CE,CELANESE CORP,BBG000JYP7L8,Equity,Common Stock,CE,N/A,BBG001SJDDG5,N/A,N/A,N/A
CEG,CONSTELLATION ENERGY,BBG014KFRNP7,Equity,Common Stock,CEG,N/A,BBG014KFRPJ9,N/A,N/A,N/A
CELG,N/A,N/A,N/A,N/A,N/A,N/A,N/A,N/A,N/A,N/A
CEPH,N/A,N/A,N/A,N/A,N/A,N/A,N/A,N/A,N/A,N/A
CERN,N/A,N/A,N/A,N/A,N/A,N/A,N/A,N/A,N/A,N/A
CF,CF INDUSTRIES HOLDINGS INC,BBG000BWJFZ4,Equity,Common Stock,CF,N/A,BBG001SJ8KV8,N/A,N/A,N/A
CFC,N/A,N/A,N/A,N/A,N/A,N/A,N/A,N/A,N/A,N/A
CFG,CITIZENS FINANCIAL GROUP,BBG006Q0HY77,Equity,Common Stock,CFG,N/A,BBG006Q0HZT0,N/A,N/A,N/A
CFN,N/A,N/A,N/A,N/A,N/A,N/A,N/A,N/A,N/A,N/A
CGP,N/A,N/A,N/A,N/A,N/A,N/A,N/A,N/A,N/A,N/A
CHD,CHURCH & DWIGHT CO INC,BBG000BFJT36,Equity,Common Stock,CHD,N/A,BBG001S5PR99,N/A,N/A,N/A
CHIR,N/A,N/A,N/A,N/A,N/A,N/A,N/A,N/A,N/A,N/A
CHK,N/A,N/A,N/A,N/A,N/A,N/A,N/A,N/A,N/A,N/A
CHRW,C.H. ROBINSON WORLDWIDE INC,BBG000BTCH57,Equity,Common Stock,CHRW,N/A,BBG001SB6KF5,N/A,N/A,N/A
CHTR,CHARTER COMMUNICATIONS INC-A,BBG000VPGNR2,Equity,Common Stock,CHTR,N/A,BBG001T3TDG2,N/A,N/A,N/A
CI,THE CIGNA GROUP,BBG00KXRCDP0,Equity,Common Stock,CI,N/A,BBG00KXRCDQ9,N/A,N/A,N/A
CIEN,CIENA CORP,BBG000BP1152,Equity,Common Stock,CIEN,N/A,BBG001S61J73,N/A,N/A,N/A
CIN,N/A,N/A,N/A,N/A,N/A,N/A,N/A,N/A,N/A,N/A
CINF,CINCINNATI FINANCIAL CORP,BBG000BFPK65,Equity,Common Stock,CINF,N/A,BBG001S5PTM0,N/A,N/A,N/A
CINL,N/A,N/A,N/A,N/A,N/A,N/A,N/A,N/A,N/A,N/A
CITGQ,N/A,N/A,N/A,N/A,N/A,N/A,N/A,N/A,N/A,N/A
CKL,N/A,N/A,N/A,N/A,N/A,N/A,N/A,N/A,N/A,N/A
CL,COLGATE-PALMOLIVE CO,BBG000BFQYY3,Equity,Common Stock,CL,N/A,BBG001S5PVM5,N/A,N/A,N/A
CLF,CLEVELAND-CLIFFS INC,BBG000BFRF55,Equity,Common Stock,CLF,N/A,BBG001S5PW43,N/A,N/A,N/A
CLX,CLOROX COMPANY,BBG000BFS7D3,Equity,Common Stock,CLX,N/A,BBG001S5PX50,N/A,N/A,N/A
CMA,COMERICA INC,BBG000C75N77,Equity,Common Stock,CMA,N/A,BBG001S6PXB1,N/A,N/A,N/A
CMCSA,COMCAST CORP-CLASS A,BBG000BFT2L4,Equity,Common Stock,CMCSA,N/A,BBG001S5PXL2,N/A,N/A,N/A
CMCSK,N/A,N/A,N/A,N/A,N/A,N/A,N/A,N/A,N/A,N/A
CME,CME GROUP INC,BBG000BHLYP4,Equity,Common Stock,CME,N/A,BBG001S86547,N/A,N/A,N/A
CMG,CHIPOTLE MEXICAN GRILL INC,BBG000QX74T1,Equity,Common Stock,CMG,N/A,BBG001SP50B3,N/A,N/A,N/A
CMI,CUMMINS INC,BBG000BGPTV6,Equity,Common Stock,CMI,N/A,BBG001S5Q9M3,N/A,N/A,N/A
CMS,CMS ENERGY CORP,BBG000BFVXX0,Equity,Common Stock,CMS,N/A,BBG001S5PYJ3,N/A,N/A,N/A
CMVT,N/A,N/A,N/A,N/A,N/A,N/A,N/A,N/A,N/A,N/A
CMX,N/A,N/A,N/A,N/A,N/A,N/A,N/A,N/A,N/A,N/A
CNA,CNA FINANCIAL CORP,BBG000BFYB47,Equity,Common Stock,CNA,N/A,BBG001S5PYX7,N/A,N/A,N/A
CNC,CENTENE CORP,BBG000BDXCJ5,Equity,Common Stock,CNC,N/A,BBG001S6T7Q8,N/A,N/A,N/A
CNCEQ,N/A,N/A,N/A,N/A,N/A,N/A,N/A,N/A,N/A,N/A
CNDT,CONDUENT INC,BBG00C1BZMT9,Equity,Common Stock,CNDT,N/A,BBG00C1BZMV6,N/A,N/A,N/A
CNP,CENTERPOINT ENERGY INC,BBG000FDBX90,Equity,Common Stock,CNP,N/A,BBG001SB10S0,N/A,N/A,N/A
CNRG,SS SPDR S&P KENSHO CLP ETF,BBG00M9BL8C3,Equity,ETP,CNRG,N/A,BBG00M9BL931,N/A,N/A,N/A
CNW,N/A,N/A,N/A,N/A,N/A,N/A,N/A,N/A,N/A,N/A
CNX,CNX RESOURCES CORP,BBG000CKVSG8,Equity,Common Stock,CNX,N/A,BBG001SC7TN4,N/A,N/A,N/A
COC,COR3 & CO HOLDINGS LTD,BBG01K8HQGT3,Equity,Common Stock,COC,N/A,BBG01K8HQHN7,N/A,N/A,N/A
COF,CAPITAL ONE FINANCIAL CORP,BBG000BGKTF9,Equity,Common Stock,COF,N/A,BBG001S65PV8,N/A,N/A,N/A
COG,N/A,N/A,N/A,N/A,N/A,N/A,N/A,N/A,N/A,N/A
COL,N/A,N/A,N/A,N/A,N/A,N/A,N/A,N/A,N/A,N/A
COMS,COMSOVEREIGN HOLDING CORP,BBG000BF33J3,Equity,Common Stock,COMS,N/A,BBG001SF1626,N/A,N/A,N/A
COO,COOPER COS INC/THE,BBG000BG3445,Equity,Common Stock,COO,N/A,BBG001S5Q1H6,N/A,N/A,N/A
COP,CONOCOPHILLIPS,BBG000BQQH30,Equity,Common Stock,COP,N/A,BBG001S5TZM2,N/A,N/A,N/A
COST,COSTCO WHOLESALE CORP,BBG000F6H8W8,Equity,Common Stock,COST,N/A,BBG001S9KRQ7,N/A,N/A,N/A
COTY,COTY INC-CL A,BBG000F395V1,Equity,Common Stock,COTY,N/A,BBG001S8GLM1,N/A,N/A,N/A
COV,N/A,N/A,N/A,N/A,N/A,N/A,N/A,N/A,N/A,N/A
CPB,THE CAMPBELL'S COMPANY,BBG000BG4202,Equity,Common Stock,CPB,N/A,BBG001S5Q2B0,N/A,N/A,N/A
CPGX,N/A,N/A,N/A,N/A,N/A,N/A,N/A,N/A,N/A,N/A
CPNLQ,N/A,N/A,N/A,N/A,N/A,N/A,N/A,N/A,N/A,N/A
CPRI,CAPRI HOLDINGS LTD,BBG0029SNR63,Equity,Common Stock,CPRI,N/A,BBG0029SNS07,N/A,N/A,N/A
CPRT,COPART INC,BBG000BM9RH1,Equity,Common Stock,CPRT,N/A,BBG001S7MTB1,N/A,N/A,N/A
CR,CRANE CO,BBG016G0L0Q5,Equity,Common Stock,CR,N/A,BBG016G0L0V9,N/A,N/A,N/A
CRM,SALESFORCE INC,BBG000BN2DC2,Equity,Common Stock,CRM,N/A,BBG001SDLP09,N/A,N/A,N/A
CSC,CSC COLLECTIVE HOLDINGS LTD,BBG01XHFMZB0,Equity,Common Stock,CSC,N/A,BBG01XHFMZC9,N/A,N/A,N/A
CSCO,CISCO SYSTEMS INC,BBG000C3J3C9,Equity,Common Stock,CSCO,N/A,BBG001S6HC62,N/A,N/A,N/A
CSRA,N/A,N/A,N/A,N/A,N/A,N/A,N/A,N/A,N/A,N/A
CSX,CSX CORP,BBG000BGJRC8,Equity,Common Stock,CSX,N/A,BBG001S5Q7Q3,N/A,N/A,N/A
CTAS,CINTAS CORP,BBG000H3YXF8,Equity,Common Stock,CTAS,N/A,BBG001S7CRG1,N/A,N/A,N/A
CTB,N/A,N/A,N/A,N/A,N/A,N/A,N/A,N/A,N/A,N/A
CTL,N/A,N/A,N/A,N/A,N/A,N/A,N/A,N/A,N/A,N/A
CTSH,COGNIZANT TECH SOLUTIONS-A,BBG000BBDV81,Equity,Common Stock,CTSH,N/A,BBG001S5STN6,N/A,N/A,N/A
CTVA,CORTEVA INC,BBG00BN969C1,Equity,Common Stock,CTVA,N/A,BBG00BN969D0,N/A,N/A,N/A
CTXS,N/A,N/A,N/A,N/A,N/A,N/A,N/A,N/A,N/A,N/A
CVC,N/A,N/A,N/A,N/A,N/A,N/A,N/A,N/A,N/A,N/A
CVET,N/A,N/A,N/A,N/A,N/A,N/A,N/A,N/A,N/A,N/A
CVG,N/A,N/A,N/A,N/A,N/A,N/A,N/A,N/A,N/A,N/A
CVGYQ,N/A,N/A,N/A,N/A,N/A,N/A,N/A,N/A,N/A,N/A
CVH,N/A,N/A,N/A,N/A,N/A,N/A,N/A,N/A,N/A,N/A
CVS,CVS HEALTH CORP,BBG000BGRY34,Equity,Common Stock,CVS,N/A,BBG001S5QBD8,N/A,N/A,N/A
CVX,CHEVRON CORP,BBG000K4ND22,Equity,Common Stock,CVX,N/A,BBG001S67ZC5,N/A,N/A,N/A
CXO,N/A,N/A,N/A,N/A,N/A,N/A,N/A,N/A,N/A,N/A
D,DOMINION ENERGY INC,BBG000BGVW60,Equity,Common Stock,D,N/A,BBG001S5QCP3,N/A,N/A,N/A
DAL,DELTA AIR LINES INC,BBG000R7Z112,Equity,Common Stock,DAL,N/A,BBG001SPT759,N/A,N/A,N/A
DALRQ,N/A,N/A,N/A,N/A,N/A,N/A,N/A,N/A,N/A,N/A
DCNAQ,N/A,N/A,N/A,N/A,N/A,N/A,N/A,N/A,N/A,N/A
DD,DUPONT DE NEMOURS INC,BBG00BN961G4,Equity,Common Stock,DD,N/A,BBG00BN961H3,N/A,N/A,N/A
DDS,DILLARDS INC-CL A,BBG000BS4MP5,Equity,Common Stock,DDS,N/A,BBG001S5VNW5,N/A,N/A,N/A
DE,DEERE & CO,BBG000BH1NH9,Equity,Common Stock,DE,N/A,BBG001S5QFF7,N/A,N/A,N/A
DEC,DIVERSIFIED ENERGY CO,BBG01YJLV627,Equity,Common Stock,DEC,N/A,BBG01YJLV654,N/A,N/A,N/A
DELL,DELL TECHNOLOGIES -C,BBG00DW3SZS1,Equity,Common Stock,DELL,N/A,BBG00DW3SZT0,N/A,N/A,N/A
DF,N/A,N/A,N/A,N/A,N/A,N/A,N/A,N/A,N/A,N/A
DFS,N/A,N/A,N/A,N/A,N/A,N/A,N/A,N/A,N/A,N/A
DG,DOLLAR GENERAL CORP,BBG000NV1KK7,Equity,Common Stock,DG,N/A,BBG001T5BM30,N/A,N/A,N/A
DGX,QUEST DIAGNOSTICS INC,BBG000BN84F3,Equity,Common Stock,DGX,N/A,BBG001S9GX43,N/A,N/A,N/A
DHI,DR HORTON INC,BBG000DQTXY6,Equity,Common Stock,DHI,N/A,BBG001S8M692,N/A,N/A,N/A
DHR,DANAHER CORP,BBG000BH3JF8,Equity,Common Stock,DHR,N/A,BBG001S5QGT0,N/A,N/A,N/A
DIS,WALT DISNEY CO/THE,BBG000BH4R78,Equity,Common Stock,DIS,N/A,BBG001S5QHF3,N/A,N/A,N/A
DISCA,N/A,N/A,N/A,N/A,N/A,N/A,N/A,N/A,N/A,N/A
DISCK,N/A,N/A,N/A,N/A,N/A,N/A,N/A,N/A,N/A,N/A
DISH,N/A,N/A,N/A,N/A,N/A,N/A,N/A,N/A,N/A,N/A
DJ,N/A,N/A,N/A,N/A,N/A,N/A,N/A,N/A,N/A,N/A
DLPH,N/A,N/A,N/A,N/A,N/A,N/A,N/A,N/A,N/A,N/A
DLR,N/A,N/A,N/A,N/A,N/A,N/A,N/A,N/A,N/A,N/A
DLTR,N/A,N/A,N/A,N/A,N/A,N/A,N/A,N/A,N/A,N/A
DLX,N/A,N/A,N/A,N/A,N/A,N/A,N/A,N/A,N/A,N/A
DNB,N/A,N/A,N/A,N/A,N/A,N/A,N/A,N/A,N/A,N/A
DNR,N/A,N/A,N/A,N/A,N/A,N/A,N/A,N/A,N/A,N/A
DO,N/A,N/A,N/A,N/A,N/A,N/A,N/A,N/A,N/A,N/A
DOV,N/A,N/A,N/A,N/A,N/A,N/A,N/A,N/A,N/A,N/A
DOW,N/A,N/A,N/A,N/A,N/A,N/A,N/A,N/A,N/A,N/A
DPHIQ,N/A,N/A,N/A,N/A,N/A,N/A,N/A,N/A,N/A,N/A
DRE,N/A,N/A,N/A,N/A,N/A,N/A,N/A,N/A,N/A,N/A
DRI,N/A,N/A,N/A,N/A,N/A,N/A,N/A,N/A,N/A,N/A
DTE,N/A,N/A,N/A,N/A,N/A,N/A,N/A,N/A,N/A,N/A
DUK,N/A,N/A,N/A,N/A,N/A,N/A,N/A,N/A,N/A,N/A
DVA,N/A,N/A,N/A,N/A,N/A,N/A,N/A,N/A,N/A,N/A
DVMT,N/A,N/A,N/A,N/A,N/A,N/A,N/A,N/A,N/A,N/A
DVN,N/A,N/A,N/A,N/A,N/A,N/A,N/A,N/A,N/A,N/A
DWDP,N/A,N/A,N/A,N/A,N/A,N/A,N/A,N/A,N/A,N/A
DXC,N/A,N/A,N/A,N/A,N/A,N/A,N/A,N/A,N/A,N/A
DYNIQ,N/A,N/A,N/A,N/A,N/A,N/A,N/A,N/A,N/A,N/A
EA,N/A,N/A,N/A,N/A,N/A,N/A,N/A,N/A,N/A,N/A
EBAY,N/A,N/A,N/A,N/A,N/A,N/A,N/A,N/A,N/A,N/A
ECL,N/A,N/A,N/A,N/A,N/A,N/A,N/A,N/A,N/A,N/A
ECO,N/A,N/A,N/A,N/A,N/A,N/A,N/A,N/A,N/A,N/A
ED,N/A,N/A,N/A,N/A,N/A,N/A,N/A,N/A,N/A,N/A
EFX,N/A,N/A,N/A,N/A,N/A,N/A,N/A,N/A,N/A,N/A
EHC,N/A,N/A,N/A,N/A,N/A,N/A,N/A,N/A,N/A,N/A
EIX,N/A,N/A,N/A,N/A,N/A,N/A,N/A,N/A,N/A,N/A
EKDKQ,N/A,N/A,N/A,N/A,N/A,N/A,N/A,N/A,N/A,N/A
EL,N/A,N/A,N/A,N/A,N/A,N/A,N/A,N/A,N/A,N/A
EMC,N/A,N/A,N/A,N/A,N/A,N/A,N/A,N/A,N/A,N/A
EMN,N/A,N/A,N/A,N/A,N/A,N/A,N/A,N/A,N/A,N/A
EMR,N/A,N/A,N/A,N/A,N/A,N/A,N/A,N/A,N/A,N/A
ENDP,N/A,N/A,N/A,N/A,N/A,N/A,N/A,N/A,N/A,N/A
ENRNQ,N/A,N/A,N/A,N/A,N/A,N/A,N/A,N/A,N/A,N/A
EOG,N/A,N/A,N/A,N/A,N/A,N/A,N/A,N/A,N/A,N/A
EOP,N/A,N/A,N/A,N/A,N/A,N/A,N/A,N/A,N/A,N/A
EP,N/A,N/A,N/A,N/A,N/A,N/A,N/A,N/A,N/A,N/A
EQIX,N/A,N/A,N/A,N/A,N/A,N/A,N/A,N/A,N/A,N/A
EQR,N/A,N/A,N/A,N/A,N/A,N/A,N/A,N/A,N/A,N/A
EQT,N/A,N/A,N/A,N/A,N/A,N/A,N/A,N/A,N/A,N/A
ES,N/A,N/A,N/A,N/A,N/A,N/A,N/A,N/A,N/A,N/A
ESRX,N/A,N/A,N/A,N/A,N/A,N/A,N/A,N/A,N/A,N/A
ESS,N/A,N/A,N/A,N/A,N/A,N/A,N/A,N/A,N/A,N/A
ESV,N/A,N/A,N/A,N/A,N/A,N/A,N/A,N/A,N/A,N/A
ETFC,N/A,N/A,N/A,N/A,N/A,N/A,N/A,N/A,N/A,N/A
ETN,N/A,N/A,N/A,N/A,N/A,N/A,N/A,N/A,N/A,N/A
ETR,N/A,N/A,N/A,N/A,N/A,N/A,N/A,N/A,N/A,N/A
ETS,N/A,N/A,N/A,N/A,N/A,N/A,N/A,N/A,N/A,N/A
EVHC,N/A,N/A,N/A,N/A,N/A,N/A,N/A,N/A,N/A,N/A
EVRG,N/A,N/A,N/A,N/A,N/A,N/A,N/A,N/A,N/A,N/A
EW,N/A,N/A,N/A,N/A,N/A,N/A,N/A,N/A,N/A,N/A
EXC,N/A,N/A,N/A,N/A,N/A,N/A,N/A,N/A,N/A,N/A
EXPD,N/A,N/A,N/A,N/A,N/A,N/A,N/A,N/A,N/A,N/A
EXPE,N/A,N/A,N/A,N/A,N/A,N/A,N/A,N/A,N/A,N/A
EXR,N/A,N/A,N/A,N/A,N/A,N/A,N/A,N/A,N/A,N/A
F,N/A,N/A,N/A,N/A,N/A,N/A,N/A,N/A,N/A,N/A
FANG,DIAMONDBACK ENERGY INC,BBG002PHSYX9,Equity,Common Stock,FANG,N/A,BBG002PHSZN7,N/A,N/A,N/A
FAST,FASTENAL CO,BBG000BJ8YN7,Equity,Common Stock,FAST,N/A,BBG001S5R1F7,N/A,N/A,N/A
FB,PROSHARES S&P DYNAMIC BUFFER,BBG01VRMNFB1,Equity,ETP,FB,N/A,BBG01VRMNGC8,N/A,N/A,N/A
FBF,N/A,N/A,N/A,N/A,N/A,N/A,N/A,N/A,N/A,N/A
FBHS,N/A,N/A,N/A,N/A,N/A,N/A,N/A,N/A,N/A,N/A
FBO,N/A,N/A,N/A,N/A,N/A,N/A,N/A,N/A,N/A,N/A
FCPT,FOUR CORNERS PROPERTY TRUST,BBG009H33QM0,Equity,REIT,FCPT,N/A,BBG009H33QN9,N/A,N/A,N/A
FCX,FREEPORT-MCMORAN INC,BBG000BJDB15,Equity,Common Stock,FCX,N/A,BBG001S5R3F3,N/A,N/A,N/A
FDO,N/A,N/A,N/A,N/A,N/A,N/A,N/A,N/A,N/A,N/A
FDX,FEDEX CORP,BBG000BJF1Z8,Equity,Common Stock,FDX,N/A,BBG001S5R3M5,N/A,N/A,N/A
FE,FIRSTENERGY CORP,BBG000BB6M98,Equity,Common Stock,FE,N/A,BBG001S5R3N4,N/A,N/A,N/A
FFB,N/A,N/A,N/A,N/A,N/A,N/A,N/A,N/A,N/A,N/A
FFIV,F5 INC,BBG000CXYSZ6,Equity,Common Stock,FFIV,N/A,BBG001SCP8D1,N/A,N/A,N/A
FHN,FIRST HORIZON CORP,BBG000GHZSZ6,Equity,Common Stock,FHN,N/A,BBG001SCW8R8,N/A,N/A,N/A
FII,N/A,N/A,N/A,N/A,N/A,N/A,N/A,N/A,N/A,N/A
FIS,FIDELITY NATIONAL INFO SERV,BBG000BK2F42,Equity,Common Stock,FIS,N/A,BBG001S8SWQ0,N/A,N/A,N/A
FISV,FISERV INC,BBG000BJKPG0,Equity,Common Stock,FISV,N/A,BBG001S5R6Q4,N/A,N/A,N/A
FITB,FIFTH THIRD BANCORP,BBG000BJL3N0,Equity,Common Stock,FITB,N/A,BBG001S5R6S2,N/A,N/A,N/A
FJ,N/A,N/A,N/A,N/A,N/A,N/A,N/A,N/A,N/A,N/A
FJCC,N/A,N/A,N/A,N/A,N/A,N/A,N/A,N/A,N/A,N/A
FL,N/A,N/A,N/A,N/A,N/A,N/A,N/A,N/A,N/A,N/A
FLIR,N/A,N/A,N/A,N/A,N/A,N/A,N/A,N/A,N/A,N/A
FLMIQ,N/A,N/A,N/A,N/A,N/A,N/A,N/A,N/A,N/A,N/A
FLR,FLUOR CORP,BBG000BB1TH9,Equity,Common Stock,FLR,N/A,BBG001S5Q738,N/A,N/A,N/A
FLS,FLOWSERVE CORP,BBG000FFH4P5,Equity,Common Stock,FLS,N/A,BBG001SB3F87,N/A,N/A,N/A
FLT,N/A,N/A,N/A,N/A,N/A,N/A,N/A,N/A,N/A,N/A
FLTWQ,N/A,N/A,N/A,N/A,N/A,N/A,N/A,N/A,N/A,N/A
FMC,FMC CORP,BBG000BJP882,Equity,Common Stock,FMC,N/A,BBG001S5R880,N/A,N/A,N/A
FMCC,FREDDIE MAC,BBG000BF7Y65,Equity,Common Stock,FMCC,N/A,BBG001S5PLR2,N/A,N/A,N/A
FNMA,FANNIE MAE,BBG000BJQ328,Equity,Common Stock,FNMA,N/A,BBG001S5R8W3,N/A,N/A,N/A
FOSL,FOSSIL GROUP INC,BBG000C37332,Equity,Common Stock,FOSL,N/A,BBG001S6FP74,N/A,N/A,N/A
FOX,FOX CORP - CLASS B,BBG00JHNKJY8,Equity,Common Stock,FOX,N/A,BBG00JHNKKR3,N/A,N/A,N/A
FOXA,FOX CORP - CLASS A,BBG00JHNJW99,Equity,Common Stock,FOXA,N/A,BBG00JHNJX06,N/A,N/A,N/A
FPC,N/A,N/A,N/A,N/A,N/A,N/A,N/A,N/A,N/A,N/A
FRC,N/A,N/A,N/A,N/A,N/A,N/A,N/A,N/A,N/A,N/A
FRT,FEDERAL REALTY INVS TRUST,BBG000BJVN28,Equity,REIT,FRT,N/A,BBG001S5RC36,N/A,N/A,N/A
FRX,N/A,N/A,N/A,N/A,N/A,N/A,N/A,N/A,N/A,N/A
FSH,N/A,N/A,N/A,N/A,N/A,N/A,N/A,N/A,N/A,N/A
FSL/B,N/A,N/A,N/A,N/A,N/A,N/A,N/A,N/A,N/A,N/A
FSLR,FIRST SOLAR INC,BBG000BFL116,Equity,Common Stock,FSLR,N/A,BBG001S991Z7,N/A,N/A,N/A
FTI,TECHNIPFMC PLC,BBG00DL8NMV2,Equity,Common Stock,FTI,N/A,BBG00DL8NMT5,N/A,N/A,N/A
FTLAQ,N/A,N/A,N/A,N/A,N/A,N/A,N/A,N/A,N/A,N/A
FTNT,FORTINET INC,BBG000BCMBG4,Equity,Common Stock,FTNT,N/A,BBG001S77BL6,N/A,N/A,N/A
FTR,N/A,N/A,N/A,N/A,N/A,N/A,N/A,N/A,N/A,N/A
FTV,FORTIVE CORP,BBG00BLVZ228,Equity,Common Stock,FTV,N/A,BBG00BLVZ237,N/A,N/A,N/A
FWLT,N/A,N/A,N/A,N/A,N/A,N/A,N/A,N/A,N/A,N/A
GAPTQ,N/A,N/A,N/A,N/A,N/A,N/A,N/A,N/A,N/A,N/A
GAS,N/A,N/A,N/A,N/A,N/A,N/A,N/A,N/A,N/A,N/A
GBLXQ,N/A,N/A,N/A,N/A,N/A,N/A,N/A,N/A,N/A,N/A
GCO,GENESCO INC,BBG000BK5S78,Equity,Common Stock,GCO,N/A,BBG001S5RHF2,N/A,N/A,N/A
GD,GENERAL DYNAMICS CORP,BBG000BK67C7,Equity,Common Stock,GD,N/A,BBG001S5RHP1,N/A,N/A,N/A
GDT,WISDOMTREE EFF TIPS PLUS GLD,BBG01YYS01M8,Equity,ETP,GDT,N/A,BBG01YYS02Q2,N/A,N/A,N/A
GDW,N/A,N/A,N/A,N/A,N/A,N/A,N/A,N/A,N/A,N/A
GE,GENERAL ELECTRIC,BBG000BK6MB5,Equity,Common Stock,GE,N/A,BBG001S5PVD5,N/A,N/A,N/A
GENZ,N/A,N/A,N/A,N/A,N/A,N/A,N/A,N/A,N/A,N/A
GFS/A,N/A,N/A,N/A,N/A,N/A,N/A,N/A,N/A,N/A,N/A
GGP,N/A,N/A,N/A,N/A,N/A,N/A,N/A,N/A,N/A,N/A
GHC,GRAHAM HOLDINGS CO-CLASS B,BBG000C3FGH9,Equity,Common Stock,GHC,N/A,BBG001S6H317,N/A,N/A,N/A
GIDL,N/A,N/A,N/A,N/A,N/A,N/A,N/A,N/A,N/A,N/A
GILD,GILEAD SCIENCES INC,BBG000CKGBP2,Equity,Common Stock,GILD,N/A,BBG001S6Y1X7,N/A,N/A,N/A
GIS,GENERAL MILLS INC,BBG000BKCFC2,Equity,Common Stock,GIS,N/A,BBG001S5RKR2,N/A,N/A,N/A
GLW,CORNING INC,BBG000BKFZM4,Equity,Common Stock,GLW,N/A,BBG001S5RLH1,N/A,N/A,N/A
GM,GENERAL MOTORS CO,BBG000NDYB67,Equity,Common Stock,GM,N/A,BBG001SM1DK6,N/A,N/A,N/A
GMCR,N/A,N/A,N/A,N/A,N/A,N/A,N/A,N/A,N/A,N/A
GME,GAMESTOP CORP-CLASS A,BBG000BB5BF6,Equity,Common Stock,GME,N/A,BBG001S5RLR0,N/A,N/A,N/A
GNW,GENWORTH FINANCIAL INC,BBG000J5Q6L2,Equity,Common Stock,GNW,N/A,BBG001SJ0DH8,N/A,N/A,N/A
GOOG,ALPHABET INC-CL C,BBG009S3NB30,Equity,Common Stock,GOOG,N/A,BBG009S3NB21,N/A,N/A,N/A
GOOGL,ALPHABET INC-CL A,BBG009S39JX6,Equity,Common Stock,GOOGL,N/A,BBG009S39JY5,N/A,N/A,N/A
GOSHA,N/A,N/A,N/A,N/A,N/A,N/A,N/A,N/A,N/A,N/A
GP,GREENPOWER MOTOR CO INC,BBG008366HR2,Equity,Common Stock,GP,N/A,BBG001TC2Y20,N/A,N/A,N/A
GPC,GENUINE PARTS CO,BBG000BKL348,Equity,Common Stock,GPC,N/A,BBG001S5RNH7,N/A,N/A,N/A
GPN,GLOBAL PAYMENTS INC,BBG000CX0P89,Equity,Common Stock,GPN,N/A,BBG001SGS2Z8,N/A,N/A,N/A
GPS,N/A,N/A,N/A,N/A,N/A,N/A,N/A,N/A,N/A,N/A
GPUI,N/A,N/A,N/A,N/A,N/A,N/A,N/A,N/A,N/A,N/A
GQ,N/A,N/A,N/A,N/A,N/A,N/A,N/A,N/A,N/A,N/A
GR,N/A,N/A,N/A,N/A,N/A,N/A,N/A,N/A,N/A,N/A
GRA,N/A,N/A,N/A,N/A,N/A,N/A,N/A,N/A,N/A,N/A
GRMN,GARMIN LTD,BBG000C4LN67,Equity,Common Stock,GRMN,N/A,BBG001SG0H12,N/A,N/A,N/A
GS,GOLDMAN SACHS GROUP INC,BBG000C6CFJ5,Equity,Common Stock,GS,N/A,BBG001SC07Z6,N/A,N/A,N/A
GT,GOODYEAR TIRE & RUBBER CO,BBG000BKNX95,Equity,Common Stock,GT,N/A,BBG001S5RQ62,N/A,N/A,N/A
GTGOF,N/A,N/A,N/A,N/A,N/A,N/A,N/A,N/A,N/A,N/A
GTW,N/A,N/A,N/A,N/A,N/A,N/A,N/A,N/A,N/A,N/A
GTX,GARRETT MOTION INC,BBG00HY28P97,Equity,Common Stock,GTX,N/A,BBG00HY28Q04,N/A,N/A,N/A
GWW,WW GRAINGER INC,BBG000BKR1D6,Equity,Common Stock,GWW,N/A,BBG001S5RRD2,N/A,N/A,N/A
HAL,HALLIBURTON CO,BBG000BKTFN2,Equity,Common Stock,HAL,N/A,BBG001S5RS59,N/A,N/A,N/A
HAR,N/A,N/A,N/A,N/A,N/A,N/A,N/A,N/A,N/A,N/A
HAS,HASBRO INC,BBG000BKVJK4,Equity,Common Stock,HAS,N/A,BBG001S5RSQ6,N/A,N/A,N/A
HBAN,HUNTINGTON BANCSHARES INC,BBG000BKWSR6,Equity,Common Stock,HBAN,N/A,BBG001S5RSZ6,N/A,N/A,N/A
HBI,N/A,N/A,N/A,N/A,N/A,N/A,N/A,N/A,N/A,N/A
HCA,HCA HEALTHCARE INC,BBG000QW7VC1,Equity,Common Stock,HCA,N/A,BBG001T8NTY2,N/A,N/A,N/A
HCBK,N/A,N/A,N/A,N/A,N/A,N/A,N/A,N/A,N/A,N/A
HCP,N/A,N/A,N/A,N/A,N/A,N/A,N/A,N/A,N/A,N/A
HCR,N/A,N/A,N/A,N/A,N/A,N/A,N/A,N/A,N/A,N/A
HD,HOME DEPOT INC,BBG000BKZB36,Equity,Common Stock,HD,N/A,BBG001S5RTW7,N/A,N/A,N/A
HDLM,N/A,N/A,N/A,N/A,N/A,N/A,N/A,N/A,N/A,N/A
HES,N/A,N/A,N/A,N/A,N/A,N/A,N/A,N/A,N/A,N/A
HET,N/A,N/A,N/A,N/A,N/A,N/A,N/A,N/A,N/A,N/A
HFC,N/A,N/A,N/A,N/A,N/A,N/A,N/A,N/A,N/A,N/A
HFS,N/A,N/A,N/A,N/A,N/A,N/A,N/A,N/A,N/A,N/A
HIG,HARTFORD INSURANCE GROUP INC,BBG000G0Z878,Equity,Common Stock,HIG,N/A,BBG001S8PXF3,N/A,N/A,N/A
HII,HUNTINGTON INGALLS INDUSTRIE,BBG001KJ2HM9,Equity,Common Stock,HII,N/A,BBG001V0PDL3,N/A,N/A,N/A
HLT,HILTON WORLDWIDE HOLDINGS IN,BBG0058KMH30,Equity,Common Stock,HLT,N/A,BBG0058KMH49,N/A,N/A,N/A
HM,N/A,N/A,N/A,N/A,N/A,N/A,N/A,N/A,N/A,N/A
HMA,N/A,N/A,N/A,N/A,N/A,N/A,N/A,N/A,N/A,N/A
HNZ,N/A,N/A,N/A,N/A,N/A,N/A,N/A,N/A,N/A,N/A
HOG,HARLEY-DAVIDSON INC,BBG000BKZTP3,Equity,Common Stock,HOG,N/A,BBG001S5RTY5,N/A,N/A,N/A
HOLX,HOLOGIC INC,BBG000C3NTN5,Equity,Common Stock,HOLX,N/A,BBG001S6HWB2,N/A,N/A,N/A
HON,HONEYWELL INTERNATIONAL INC,BBG000H556T9,Equity,Common Stock,HON,N/A,BBG001S5X1N1,N/A,N/A,N/A
HOT,N/A,N/A,N/A,N/A,N/A,N/A,N/A,N/A,N/A,N/A
HP,HELMERICH & PAYNE,BBG000BLCPY4,Equity,Common Stock,HP,N/A,BBG001S5RZP1,N/A,N/A,N/A
HPC,N/A,N/A,N/A,N/A,N/A,N/A,N/A,N/A,N/A,N/A
HPE,HEWLETT PACKARD ENTERPRISE,BBG0078W3NQ3,Equity,Common Stock,HPE,N/A,BBG0078W3NP4,N/A,N/A,N/A
HPQ,HP INC,BBG000KHWT55,Equity,Common Stock,HPQ,N/A,BBG001S6W7N7,N/A,N/A,N/A
HRB,H&R BLOCK INC,BBG000BLDV98,Equity,Common Stock,HRB,N/A,BBG001S5S031,N/A,N/A,N/A
HRL,HORMEL FOODS CORP,BBG000BLF8D2,Equity,Common Stock,HRL,N/A,BBG001S5S0D0,N/A,N/A,N/A
HRS,N/A,N/A,N/A,N/A,N/A,N/A,N/A,N/A,N/A,N/A
HRZIQ,N/A,N/A,N/A,N/A,N/A,N/A,N/A,N/A,N/A,N/A
HSH,N/A,N/A,N/A,N/A,N/A,N/A,N/A,N/A,N/A,N/A
HSIC,HENRY SCHEIN INC,BBG000BNMMJ3,Equity,Common Stock,HSIC,N/A,BBG001S6S7F1,N/A,N/A,N/A
HSP,N/A,N/A,N/A,N/A,N/A,N/A,N/A,N/A,N/A,N/A
HST,HOST HOTELS & RESORTS INC,BBG000BL8804,Equity,REIT,HST,N/A,BBG001S5RY83,N/A,N/A,N/A
HSY,HERSHEY CO/THE,BBG000BLHRS2,Equity,Common Stock,HSY,N/A,BBG001S5S148,N/A,N/A,N/A
HTMXQ,N/A,N/A,N/A,N/A,N/A,N/A,N/A,N/A,N/A,N/A
HUM,HUMANA INC,BBG000BLKK03,Equity,Common Stock,HUM,N/A,BBG001S5S1X6,N/A,N/A,N/A
IAC,IAC INC,BBG00S1LR2C3,Equity,Common Stock,IAC,N/A,BBG00S1LR2D2,N/A,N/A,N/A
IBM,INTL BUSINESS MACHINES CORP,BBG000BLNNH6,Equity,Common Stock,IBM,N/A,BBG001S5S399,N/A,N/A,N/A
ICE,INTERCONTINENTAL EXCHANGE IN,BBG000C1FB75,Equity,Common Stock,ICE,N/A,BBG001SDJ4R0,N/A,N/A,N/A
IDXX,IDEXX LABORATORIES INC,BBG000BLRT07,Equity,Common Stock,IDXX,N/A,BBG001S5S4Y9,N/A,N/A,N/A
IFF,INTL FLAVORS & FRAGRANCES,BBG000BLSL58,Equity,Common Stock,IFF,N/A,BBG001S5S5F7,N/A,N/A,N/A
IILGV,N/A,N/A,N/A,N/A,N/A,N/A,N/A,N/A,N/A,N/A
IKN,N/A,N/A,N/A,N/A,N/A,N/A,N/A,N/A,N/A,N/A
ILMN,ILLUMINA INC,BBG000DSMS70,Equity,Common Stock,ILMN,N/A,BBG001SF4NY1,N/A,N/A,N/A
IMNX,N/A,N/A,N/A,N/A,N/A,N/A,N/A,N/A,N/A,N/A
INCLF,N/A,N/A,N/A,N/A,N/A,N/A,N/A,N/A,N/A,N/A
INCY,INCYTE CORP,BBG000BNPSQ9,Equity,Common Stock,INCY,N/A,BBG001S8Q6N2,N/A,N/A,N/A
INFO,HARBOR PANAGORA DYC LCC ETF,BBG01Q2P8F92,Equity,ETP,INFO,N/A,BBG01Q2P8G45,N/A,N/A,N/A
INTC,INTEL CORP,BBG000C0G1D1,Equity,Common Stock,INTC,N/A,BBG001S5SF65,N/A,N/A,N/A
INTU,INTUIT INC,BBG000BH5DV1,Equity,Common Stock,INTU,N/A,BBG001S6TWR2,N/A,N/A,N/A
IP,INTERNATIONAL PAPER CO,BBG000BM5SR2,Equity,Common Stock,IP,N/A,BBG001S5SBF4,N/A,N/A,N/A
IPG,N/A,N/A,N/A,N/A,N/A,N/A,N/A,N/A,N/A,N/A
IPGP,IPG PHOTONICS CORP,BBG000DCGRL8,Equity,Common Stock,IPGP,N/A,BBG001SG95B8,N/A,N/A,N/A
IQV,IQVIA HOLDINGS INC,BBG00333FYS2,Equity,Common Stock,IQV,N/A,BBG00333FZ54,N/A,N/A,N/A
IR,INGERSOLL-RAND INC,BBG002R1CW27,Equity,Common Stock,IR,N/A,BBG002R1CW36,N/A,N/A,N/A
IRM,IRON MOUNTAIN INC,BBG000KCZPC3,Equity,REIT,IRM,N/A,BBG001SCQ2X1,N/A,N/A,N/A
ISRG,INTUITIVE SURGICAL INC,BBG000BJPDZ1,Equity,Common Stock,ISRG,N/A,BBG001S7XR78,N/A,N/A,N/A
IT,GARTNER INC,BBG000BB65D0,Equity,Common Stock,IT,N/A,BBG001S5SD60,N/A,N/A,N/A
ITT,ITT INC,BBG00CVQZQ96,Equity,Common Stock,ITT,N/A,BBG00CVQZQB3,N/A,N/A,N/A
ITW,ILLINOIS TOOL WORKS,BBG000BMBL90,Equity,Common Stock,ITW,N/A,BBG001S5SDX0,N/A,N/A,N/A
IVZ,INVESCO LTD,BBG000BY2Y78,Equity,Common Stock,IVZ,N/A,BBG001S9RD81,N/A,N/A,N/A
JAVA,JPMORGAN ACTIVE VALUE ETF,BBG012NLLBJ4,Equity,ETP,JAVA,N/A,BBG012NLLCC9,N/A,N/A,N/A
JBGS,JBG SMITH PROPERTIES,BBG00F5FNKJ7,Equity,REIT,JBGS,N/A,BBG00F5FNKK5,N/A,N/A,N/A
JBHT,HUNT (JB) TRANSPRT SVCS INC,BBG000BMDBZ1,Equity,Common Stock,JBHT,N/A,BBG001S5SFY4,N/A,N/A,N/A
JBL,JABIL INC,BBG000BJNGN9,Equity,Common Stock,JBL,N/A,BBG001S7RB70,N/A,N/A,N/A
JCI,JOHNSON CONTROLS INTERNATION,BBG000BVWLJ6,Equity,Common Stock,JCI,N/A,BBG001S5WZ84,N/A,N/A,N/A
JCP,N/A,N/A,N/A,N/A,N/A,N/A,N/A,N/A,N/A,N/A
JEC,N/A,N/A,N/A,N/A,N/A,N/A,N/A,N/A,N/A,N/A
JEF,JEFFERIES FINANCIAL GROUP IN,BBG000BNHSP9,Equity,Common Stock,JEF,N/A,BBG001S5SX02,N/A,N/A,N/A
JH,N/A,N/A,N/A,N/A,N/A,N/A,N/A,N/A,N/A,N/A
JHF,N/A,N/A,N/A,N/A,N/A,N/A,N/A,N/A,N/A,N/A
JKHY,JACK HENRY & ASSOCIATES INC,BBG000BMH2Q7,Equity,Common Stock,JKHY,N/A,BBG001S5SHB5,N/A,N/A,N/A
JNJ,JOHNSON & JOHNSON,BBG000BMHYD1,Equity,Common Stock,JNJ,N/A,BBG001S5SHQ9,N/A,N/A,N/A
JNPR,N/A,N/A,N/A,N/A,N/A,N/A,N/A,N/A,N/A,N/A
JNS,N/A,N/A,N/A,N/A,N/A,N/A,N/A,N/A,N/A,N/A
JNY,N/A,N/A,N/A,N/A,N/A,N/A,N/A,N/A,N/A,N/A
JOSEA,N/A,N/A,N/A,N/A,N/A,N/A,N/A,N/A,N/A,N/A
JOY,N/A,N/A,N/A,N/A,N/A,N/A,N/A,N/A,N/A,N/A
JPM,JPMORGAN CHASE & CO,BBG000DMBXR2,Equity,Common Stock,JPM,N/A,BBG001S8CRC3,N/A,N/A,N/A
JWN,N/A,N/A,N/A,N/A,N/A,N/A,N/A,N/A,N/A,N/A
JWPI,N/A,N/A,N/A,N/A,N/A,N/A,N/A,N/A,N/A,N/A
K,N/A,N/A,N/A,N/A,N/A,N/A,N/A,N/A,N/A,N/A
KATE,N/A,N/A,N/A,N/A,N/A,N/A,N/A,N/A,N/A,N/A
KBH,KB HOME,BBG000BMLWX8,Equity,Common Stock,KBH,N/A,BBG001S5SJV9,N/A,N/A,N/A
KDP,KEURIG DR PEPPER INC,BBG000TJM7F0,Equity,Common Stock,KDP,N/A,BBG001ST5W34,N/A,N/A,N/A
KEY,KEYCORP,BBG000BMQPL1,Equity,Common Stock,KEY,N/A,BBG001S5SKV6,N/A,N/A,N/A
KEYS,KEYSIGHT TECHNOLOGIES IN,BBG0059FN811,Equity,Common Stock,KEYS,N/A,BBG0059FN820,N/A,N/A,N/A
KG,KESTREL GROUP,BBG01V8DXVJ8,Equity,Common Stock,KG,N/A,BBG01V8DXVL5,N/A,N/A,N/A
KHC,KRAFT HEINZ CO/THE,BBG005CPNTQ2,Equity,Common Stock,KHC,N/A,BBG005CPNTR1,N/A,N/A,N/A
KIM,KIMCO REALTY CORP,BBG000CN3S73,Equity,REIT,KIM,N/A,BBG001S70279,N/A,N/A,N/A
KLAC,KLA CORP,BBG000BMTFR4,Equity,Common Stock,KLAC,N/A,BBG001S5SLM4,N/A,N/A,N/A
KMB,KIMBERLY-CLARK CORP,BBG000BMW2Z0,Equity,Common Stock,KMB,N/A,BBG001S5SLZ0,N/A,N/A,N/A
KMI,KINDER MORGAN INC,BBG0019JZ882,Equity,Common Stock,KMI,N/A,BBG001TG2YZ5,N/A,N/A,N/A
KMRTQ,N/A,N/A,N/A,N/A,N/A,N/A,N/A,N/A,N/A,N/A
KMX,CARMAX INC,BBG000BLMZK6,Equity,Common Stock,KMX,N/A,BBG001SD9561,N/A,N/A,N/A
KO,COCA-COLA CO/THE,BBG000BMX289,Equity,Common Stock,KO,N/A,BBG001S5SMQ8,N/A,N/A,N/A
KORS,N/A,N/A,N/A,N/A,N/A,N/A,N/A,N/A,N/A,N/A
KR,KROGER CO,BBG000BMY992,Equity,Common Stock,KR,N/A,BBG001S5SN40,N/A,N/A,N/A
KRB,N/A,N/A,N/A,N/A,N/A,N/A,N/A,N/A,N/A,N/A
KRFT,N/A,N/A,N/A,N/A,N/A,N/A,N/A,N/A,N/A,N/A
KRI,N/A,N/A,N/A,N/A,N/A,N/A,N/A,N/A,N/A,N/A
KSE,N/A,N/A,N/A,N/A,N/A,N/A,N/A,N/A,N/A,N/A
KSS,KOHLS CORP,BBG000CS7CT9,Equity,Common Stock,KSS,N/A,BBG001S71NV5,N/A,N/A,N/A
KSU,N/A,N/A,N/A,N/A,N/A,N/A,N/A,N/A,N/A,N/A
KTB,KONTOOR BRANDS INC,BBG00LPTHYD5,Equity,Common Stock,KTB,N/A,BBG00LPTHYM5,N/A,N/A,N/A
L,LOEWS CORP,BBG000C45984,Equity,Common Stock,L,N/A,BBG001S6KQC0,N/A,N/A,N/A
LB,LANDBRIDGE CO LLC-A,BBG01N59HNH6,Equity,Common Stock,LB,N/A,BBG01N59HPY2,N/A,N/A,N/A
LDG,N/A,N/A,N/A,N/A,N/A,N/A,N/A,N/A,N/A,N/A
LDOS,LEIDOS HOLDINGS INC,BBG000C23PB0,Equity,Common Stock,LDOS,N/A,BBG001SKW6M9,N/A,N/A,N/A
LDWIF,N/A,N/A,N/A,N/A,N/A,N/A,N/A,N/A,N/A,N/A
LEG,LEGGETT & PLATT INC,BBG000BN53G7,Equity,Common Stock,LEG,N/A,BBG001S5SRG8,N/A,N/A,N/A
LEHMQ,N/A,N/A,N/A,N/A,N/A,N/A,N/A,N/A,N/A,N/A
LEN,LENNAR CORP-A,BBG000BN5HF7,Equity,Common Stock,LEN,N/A,BBG001S5SRK3,N/A,N/A,N/A
LEN/B,LENNAR CORP - B SHS,BBG000KKVD81,Equity,Common Stock,LEN/B,N/A,BBG001SKR1T9,N/A,N/A,N/A
LH,LABCORP HOLDINGS INC,BBG01MMT6PL7,Equity,Common Stock,LH,N/A,BBG01MMT6PQ2,N/A,N/A,N/A
LHX,L3HARRIS TECHNOLOGIES INC,BBG000BLGFJ9,Equity,Common Stock,LHX,N/A,BBG001S5S0N9,N/A,N/A,N/A
LIN,LINDE PLC,BBG01FND0CC1,Equity,Common Stock,LIN,N/A,BBG01FND0CH6,N/A,N/A,N/A
LK,N/A,N/A,N/A,N/A,N/A,N/A,N/A,N/A,N/A,N/A
LKQ,LKQ CORP,BBG000PXDL44,Equity,Common Stock,LKQ,N/A,BBG001SCCPJ1,N/A,N/A,N/A
LLL,N/A,N/A,N/A,N/A,N/A,N/A,N/A,N/A,N/A,N/A
LLTC,N/A,N/A,N/A,N/A,N/A,N/A,N/A,N/A,N/A,N/A
LLX,N/A,N/A,N/A,N/A,N/A,N/A,N/A,N/A,N/A,N/A
LLY,ELI LILLY & CO,BBG000BNBDC2,Equity,Common Stock,LLY,N/A,BBG001S5STL8,N/A,N/A,N/A
LM,N/A,N/A,N/A,N/A,N/A,N/A,N/A,N/A,N/A,N/A
LMT,LOCKHEED MARTIN CORP,BBG000C1BW00,Equity,Common Stock,LMT,N/A,BBG001S7PS57,N/A,N/A,N/A
LNC,LINCOLN NATIONAL CORP,BBG000BNC3Y9,Equity,Common Stock,LNC,N/A,BBG001S5STV7,N/A,N/A,N/A
LNT,ALLIANT ENERGY CORP,BBG000DW4Q75,Equity,Common Stock,LNT,N/A,BBG001S8ZQ30,N/A,N/A,N/A
LO,N/A,N/A,N/A,N/A,N/A,N/A,N/A,N/A,N/A,N/A
LOW,LOWE'S COS INC,BBG000BNDN65,Equity,Common Stock,LOW,N/A,BBG001S5SVL3,N/A,N/A,N/A
LPX,LOUISIANA-PACIFIC CORP,BBG000BNF508,Equity,Common Stock,LPX,N/A,BBG001S5SW04,N/A,N/A,N/A
LRCX,LAM RESEARCH CORP,BBG000BNFLM9,Equity,Common Stock,LRCX,N/A,BBG001S5SW40,N/A,N/A,N/A
LU,LUFAX HOLDING LTD-ADR,BBG00XS6QZN2,Equity,ADR,LU,N/A,BBG00XS6R0J3,N/A,N/A,N/A
LUB,N/A,N/A,N/A,N/A,N/A,N/A,N/A,N/A,N/A,N/A
LUV,SOUTHWEST AIRLINES CO,BBG000BNJHS8,Equity,Common Stock,LUV,N/A,BBG001S5SXC9,N/A,N/A,N/A
LVLT,N/A,N/A,N/A,N/A,N/A,N/A,N/A,N/A,N/A,N/A
LW,LAMB WESTON HOLDINGS INC,BBG003CVMLQ2,Equity,Common Stock,LW,N/A,BBG003CVMLR1,N/A,N/A,N/A
LXK,N/A,N/A,N/A,N/A,N/A,N/A,N/A,N/A,N/A,N/A
LYB,LYONDELLBASELL INDU-CL A,BBG000WCFV84,Equity,Common Stock,LYB,N/A,BBG001T8LMY9,N/A,N/A,N/A
M,MACY'S INC,BBG000C46HM9,Equity,Common Stock,M,N/A,BBG001S6KRW6,N/A,N/A,N/A
MA,MASTERCARD INC - A,BBG000F1ZSQ2,Equity,Common Stock,MA,N/A,BBG001SKNNS6,N/A,N/A,N/A
MAA,MID-AMERICA APARTMENT COMM,BBG000BLMY92,Equity,REIT,MAA,N/A,BBG001S7HZ69,N/A,N/A,N/A
MAC,MACERICH CO/THE,BBG000BL9C59,Equity,REIT,MAC,N/A,BBG001S7HGB5,N/A,N/A,N/A
MAR,MARRIOTT INTERNATIONAL -CL A,BBG000BGD7W6,Equity,Common Stock,MAR,N/A,BBG001S78K44,N/A,N/A,N/A
MAS,MASCO CORP,BBG000BNNKG9,Equity,Common Stock,MAS,N/A,BBG001S5SZ70,N/A,N/A,N/A
MAT,MATTEL INC,BBG000BNNYW1,Equity,Common Stock,MAT,N/A,BBG001S5SZF1,N/A,N/A,N/A
MBI,MBIA INC,BBG000BNQN34,Equity,Common Stock,MBI,N/A,BBG001S5T021,N/A,N/A,N/A
MCAWA,N/A,N/A,N/A,N/A,N/A,N/A,N/A,N/A,N/A,N/A
MCD,MCDONALD'S CORP,BBG000BNSZP1,Equity,Common Stock,MCD,N/A,BBG001S5T110,N/A,N/A,N/A
MCHP,MICROCHIP TECHNOLOGY INC,BBG000BHCP19,Equity,Common Stock,MCHP,N/A,BBG001S787B5,N/A,N/A,N/A
MCK,MCKESSON CORP,BBG000DYGNW7,Equity,Common Stock,MCK,N/A,BBG001S8F8P8,N/A,N/A,N/A
MCO,MOODY'S CORP,BBG000F86GP6,Equity,Common Stock,MCO,N/A,BBG001S5VP87,N/A,N/A,N/A
MCWEQ,N/A,N/A,N/A,N/A,N/A,N/A,N/A,N/A,N/A,N/A
MDLZ,MONDELEZ INTERNATIONAL INC-A,BBG000D4LWF6,Equity,Common Stock,MDLZ,N/A,BBG001SHHZJ3,N/A,N/A,N/A
MDP,N/A,N/A,N/A,N/A,N/A,N/A,N/A,N/A,N/A,N/A
MDR,N/A,N/A,N/A,N/A,N/A,N/A,N/A,N/A,N/A,N/A
MDT,MEDTRONIC PLC,BBG000BNWG87,Equity,Common Stock,MDT,N/A,BBG001S5T2S9,N/A,N/A,N/A
MEDI,HARBOR HEALTH CARE ETF,BBG01BGWLZ96,Equity,ETP,MEDI,N/A,BBG01BGWM047,N/A,N/A,N/A
MEE,N/A,N/A,N/A,N/A,N/A,N/A,N/A,N/A,N/A,N/A
MEL,N/A,N/A,N/A,N/A,N/A,N/A,N/A,N/A,N/A,N/A
MER,N/A,N/A,N/A,N/A,N/A,N/A,N/A,N/A,N/A,N/A
MERQ,N/A,N/A,N/A,N/A,N/A,N/A,N/A,N/A,N/A,N/A
MET,METLIFE INC,BBG000BB6KF5,Equity,Common Stock,MET,N/A,BBG001S5T3R8,N/A,N/A,N/A
MFE,N/A,N/A,N/A,N/A,N/A,N/A,N/A,N/A,N/A,N/A
MGM,N/A,N/A,N/A,N/A,N/A,N/A,N/A,N/A,N/A,N/A
MHK,N/A,N/A,N/A,N/A,N/A,N/A,N/A,N/A,N/A,N/A
MHS,N/A,N/A,N/A,N/A,N/A,N/A,N/A,N/A,N/A,N/A
MI,N/A,N/A,N/A,N/A,N/A,N/A,N/A,N/A,N/A,N/A
MIRKQ,N/A,N/A,N/A,N/A,N/A,N/A,N/A,N/A,N/A,N/A
MJN,N/A,N/A,N/A,N/A,N/A,N/A,N/A,N/A,N/A,N/A
MJN-W,N/A,N/A,N/A,N/A,N/A,N/A,N/A,N/A,N/A,N/A
MKC,N/A,N/A,N/A,N/A,N/A,N/A,N/A,N/A,N/A,N/A
MKG,N/A,N/A,N/A,N/A,N/A,N/A,N/A,N/A,N/A,N/A
MKTX,N/A,N/A,N/A,N/A,N/A,N/A,N/A,N/A,N/A,N/A
MLM,N/A,N/A,N/A,N/A,N/A,N/A,N/A,N/A,N/A,N/A
MMC,N/A,N/A,N/A,N/A,N/A,N/A,N/A,N/A,N/A,N/A
MMM,N/A,N/A,N/A,N/A,N/A,N/A,N/A,N/A,N/A,N/A
MNK,N/A,N/A,N/A,N/A,N/A,N/A,N/A,N/A,N/A,N/A
MNST,N/A,N/A,N/A,N/A,N/A,N/A,N/A,N/A,N/A,N/A
MO,N/A,N/A,N/A,N/A,N/A,N/A,N/A,N/A,N/A,N/A
MOLX,N/A,N/A,N/A,N/A,N/A,N/A,N/A,N/A,N/A,N/A
MON,N/A,N/A,N/A,N/A,N/A,N/A,N/A,N/A,N/A,N/A
MOS,N/A,N/A,N/A,N/A,N/A,N/A,N/A,N/A,N/A,N/A
MPC,N/A,N/A,N/A,N/A,N/A,N/A,N/A,N/A,N/A,N/A
MRK,N/A,N/A,N/A,N/A,N/A,N/A,N/A,N/A,N/A,N/A
MRNKQ,N/A,N/A,N/A,N/A,N/A,N/A,N/A,N/A,N/A,N/A
MRO,N/A,N/A,N/A,N/A,N/A,N/A,N/A,N/A,N/A,N/A
MS,N/A,N/A,N/A,N/A,N/A,N/A,N/A,N/A,N/A,N/A
MSCI,N/A,N/A,N/A,N/A,N/A,N/A,N/A,N/A,N/A,N/A
MSFT,N/A,N/A,N/A,N/A,N/A,N/A,N/A,N/A,N/A,N/A
MSI,N/A,N/A,N/A,N/A,N/A,N/A,N/A,N/A,N/A,N/A
MTB,N/A,N/A,N/A,N/A,N/A,N/A,N/A,N/A,N/A,N/A
MTD,N/A,N/A,N/A,N/A,N/A,N/A,N/A,N/A,N/A,N/A
MTG,N/A,N/A,N/A,N/A,N/A,N/A,N/A,N/A,N/A,N/A
MTLQQ,N/A,N/A,N/A,N/A,N/A,N/A,N/A,N/A,N/A,N/A
MTW,N/A,N/A,N/A,N/A,N/A,N/A,N/A,N/A,N/A,N/A
MU,N/A,N/A,N/A,N/A,N/A,N/A,N/A,N/A,N/A,N/A
MUR,N/A,N/A,N/A,N/A,N/A,N/A,N/A,N/A,N/A,N/A
MWI,N/A,N/A,N/A,N/A,N/A,N/A,N/A,N/A,N/A,N/A
MWV,N/A,N/A,N/A,N/A,N/A,N/A,N/A,N/A,N/A,N/A
MWW,N/A,N/A,N/A,N/A,N/A,N/A,N/A,N/A,N/A,N/A
MXIM,N/A,N/A,N/A,N/A,N/A,N/A,N/A,N/A,N/A,N/A
MXS,N/A,N/A,N/A,N/A,N/A,N/A,N/A,N/A,N/A,N/A
MYL,N/A,N/A,N/A,N/A,N/A,N/A,N/A,N/A,N/A,N/A
MZIAQ,N/A,N/A,N/A,N/A,N/A,N/A,N/A,N/A,N/A,N/A
NAE,N/A,N/A,N/A,N/A,N/A,N/A,N/A,N/A,N/A,N/A
NAV,N/A,N/A,N/A,N/A,N/A,N/A,N/A,N/A,N/A,N/A
NAVI,N/A,N/A,N/A,N/A,N/A,N/A,N/A,N/A,N/A,N/A
NBL,N/A,N/A,N/A,N/A,N/A,N/A,N/A,N/A,N/A,N/A
NBR,N/A,N/A,N/A,N/A,N/A,N/A,N/A,N/A,N/A,N/A
NC,N/A,N/A,N/A,N/A,N/A,N/A,N/A,N/A,N/A,N/A
NCC,N/A,N/A,N/A,N/A,N/A,N/A,N/A,N/A,N/A,N/A
NCE,N/A,N/A,N/A,N/A,N/A,N/A,N/A,N/A,N/A,N/A
NCLH,N/A,N/A,N/A,N/A,N/A,N/A,N/A,N/A,N/A,N/A
NCR,N/A,N/A,N/A,N/A,N/A,N/A,N/A,N/A,N/A,N/A
NDAQ,N/A,N/A,N/A,N/A,N/A,N/A,N/A,N/A,N/A,N/A
NE,N/A,N/A,N/A,N/A,N/A,N/A,N/A,N/A,N/A,N/A
NEC,N/A,N/A,N/A,N/A,N/A,N/A,N/A,N/A,N/A,N/A
NEE,N/A,N/A,N/A,N/A,N/A,N/A,N/A,N/A,N/A,N/A
NEM,N/A,N/A,N/A,N/A,N/A,N/A,N/A,N/A,N/A,N/A
NEU,N/A,N/A,N/A,N/A,N/A,N/A,N/A,N/A,N/A,N/A
NFB,N/A,N/A,N/A,N/A,N/A,N/A,N/A,N/A,N/A,N/A
NFLX,N/A,N/A,N/A,N/A,N/A,N/A,N/A,N/A,N/A,N/A
NFX,N/A,N/A,N/A,N/A,N/A,N/A,N/A,N/A,N/A,N/A
NGH,N/A,N/A,N/A,N/A,N/A,N/A,N/A,N/A,N/A,N/A
NGVT,N/A,N/A,N/A,N/A,N/A,N/A,N/A,N/A,N/A,N/A
NI,N/A,N/A,N/A,N/A,N/A,N/A,N/A,N/A,N/A,N/A
NKE,N/A,N/A,N/A,N/A,N/A,N/A,N/A,N/A,N/A,N/A
NKTR,N/A,N/A,N/A,N/A,N/A,N/A,N/A,N/A,N/A,N/A
NL,N/A,N/A,N/A,N/A,N/A,N/A,N/A,N/A,N/A,N/A
NLSN,N/A,N/A,N/A,N/A,N/A,N/A,N/A,N/A,N/A,N/A
NMK,N/A,N/A,N/A,N/A,N/A,N/A,N/A,N/A,N/A,N/A
NOC,N/A,N/A,N/A,N/A,N/A,N/A,N/A,N/A,N/A,N/A
NOV,N/A,N/A,N/A,N/A,N/A,N/A,N/A,N/A,N/A,N/A
NOVL,N/A,N/A,N/A,N/A,N/A,N/A,N/A,N/A,N/A,N/A
NRG,N/A,N/A,N/A,N/A,N/A,N/A,N/A,N/A,N/A,N/A
NRTLQ,N/A,N/A,N/A,N/A,N/A,N/A,N/A,N/A,N/A,N/A
NSC,N/A,N/A,N/A,N/A,N/A,N/A,N/A,N/A,N/A,N/A
NTAP,N/A,N/A,N/A,N/A,N/A,N/A,N/A,N/A,N/A,N/A
NTRS,N/A,N/A,N/A,N/A,N/A,N/A,N/A,N/A,N/A,N/A
NUE,N/A,N/A,N/A,N/A,N/A,N/A,N/A,N/A,N/A,N/A
NVDA,N/A,N/A,N/A,N/A,N/A,N/A,N/A,N/A,N/A,N/A
NVT,N/A,N/A,N/A,N/A,N/A,N/A,N/A,N/A,N/A,N/A
NWL,N/A,N/A,N/A,N/A,N/A,N/A,N/A,N/A,N/A,N/A
NWS,N/A,N/A,N/A,N/A,N/A,N/A,N/A,N/A,N/A,N/A
NWSA,N/A,N/A,N/A,N/A,N/A,N/A,N/A,N/A,N/A,N/A
NXTL,N/A,N/A,N/A,N/A,N/A,N/A,N/A,N/A,N/A,N/A
NYT,N/A,N/A,N/A,N/A,N/A,N/A,N/A,N/A,N/A,N/A
NYX,N/A,N/A,N/A,N/A,N/A,N/A,N/A,N/A,N/A,N/A
O,N/A,N/A,N/A,N/A,N/A,N/A,N/A,N/A,N/A,N/A
OAT,N/A,N/A,N/A,N/A,N/A,N/A,N/A,N/A,N/A,N/A
ODP,N/A,N/A,N/A,N/A,N/A,N/A,N/A,N/A,N/A,N/A
OI,N/A,N/A,N/A,N/A,N/A,N/A,N/A,N/A,N/A,N/A
OK,N/A,N/A,N/A,N/A,N/A,N/A,N/A,N/A,N/A,N/A
OKE,N/A,N/A,N/A,N/A,N/A,N/A,N/A,N/A,N/A,N/A
OM,N/A,N/A,N/A,N/A,N/A,N/A,N/A,N/A,N/A,N/A
OMC,N/A,N/A,N/A,N/A,N/A,N/A,N/A,N/A,N/A,N/A
OMX,N/A,N/A,N/A,N/A,N/A,N/A,N/A,N/A,N/A,N/A
ORCL,N/A,N/A,N/A,N/A,N/A,N/A,N/A,N/A,N/A,N/A
ORLY,N/A,N/A,N/A,N/A,N/A,N/A,N/A,N/A,N/A,N/A
ORX,N/A,N/A,N/A,N/A,N/A,N/A,N/A,N/A,N/A,N/A
OWENQ,N/A,N/A,N/A,N/A,N/A,N/A,N/A,N/A,N/A,N/A
OXY,N/A,N/A,N/A,N/A,N/A,N/A,N/A,N/A,N/A,N/A
PALM,N/A,N/A,N/A,N/A,N/A,N/A,N/A,N/A,N/A,N/A
PAS,N/A,N/A,N/A,N/A,N/A,N/A,N/A,N/A,N/A,N/A
PAYX,N/A,N/A,N/A,N/A,N/A,N/A,N/A,N/A,N/A,N/A
PBCT,N/A,N/A,N/A,N/A,N/A,N/A,N/A,N/A,N/A,N/A
PBG,N/A,N/A,N/A,N/A,N/A,N/A,N/A,N/A,N/A,N/A
PBI,N/A,N/A,N/A,N/A,N/A,N/A,N/A,N/A,N/A,N/A
PCAR,N/A,N/A,N/A,N/A,N/A,N/A,N/A,N/A,N/A,N/A
PCG,N/A,N/A,N/A,N/A,N/A,N/A,N/A,N/A,N/A,N/A
PCH,N/A,N/A,N/A,N/A,N/A,N/A,N/A,N/A,N/A,N/A
PCL,N/A,N/A,N/A,N/A,N/A,N/A,N/A,N/A,N/A,N/A
PCP,N/A,N/A,N/A,N/A,N/A,N/A,N/A,N/A,N/A,N/A
PD,N/A,N/A,N/A,N/A,N/A,N/A,N/A,N/A,N/A,N/A
PDCO,N/A,N/A,N/A,N/A,N/A,N/A,N/A,N/A,N/A,N/A
PDG,N/A,N/A,N/A,N/A,N/A,N/A,N/A,N/A,N/A,N/A
PEG,N/A,N/A,N/A,N/A,N/A,N/A,N/A,N/A,N/A,N/A
PEP,N/A,N/A,N/A,N/A,N/A,N/A,N/A,N/A,N/A,N/A
PET,N/A,N/A,N/A,N/A,N/A,N/A,N/A,N/A,N/A,N/A
PETM,N/A,N/A,N/A,N/A,N/A,N/A,N/A,N/A,N/A,N/A
PFE,N/A,N/A,N/A,N/A,N/A,N/A,N/A,N/A,N/A,N/A
PFG,N/A,N/A,N/A,N/A,N/A,N/A,N/A,N/A,N/A,N/A
PG,N/A,N/A,N/A,N/A,N/A,N/A,N/A,N/A,N/A,N/A
PGL,N/A,N/A,N/A,N/A,N/A,N/A,N/A,N/A,N/A,N/A
PGR,N/A,N/A,N/A,N/A,N/A,N/A,N/A,N/A,N/A,N/A
PH,N/A,N/A,N/A,N/A,N/A,N/A,N/A,N/A,N/A,N/A
PHM,N/A,N/A,N/A,N/A,N/A,N/A,N/A,N/A,N/A,N/A
PKG,N/A,N/A,N/A,N/A,N/A,N/A,N/A,N/A,N/A,N/A
PKI,N/A,N/A,N/A,N/A,N/A,N/A,N/A,N/A,N/A,N/A
PLD,N/A,N/A,N/A,N/A,N/A,N/A,N/A,N/A,N/A,N/A
PLL,N/A,N/A,N/A,N/A,N/A,N/A,N/A,N/A,N/A,N/A
PM,N/A,N/A,N/A,N/A,N/A,N/A,N/A,N/A,N/A,N/A
PMCS,N/A,N/A,N/A,N/A,N/A,N/A,N/A,N/A,N/A,N/A
PNC,N/A,N/A,N/A,N/A,N/A,N/A,N/A,N/A,N/A,N/A
PNR,N/A,N/A,N/A,N/A,N/A,N/A,N/A,N/A,N/A,N/A
PNW,N/A,N/A,N/A,N/A,N/A,N/A,N/A,N/A,N/A,N/A
POM,N/A,N/A,N/A,N/A,N/A,N/A,N/A,N/A,N/A,N/A
PPG,N/A,N/A,N/A,N/A,N/A,N/A,N/A,N/A,N/A,N/A
PPL,N/A,N/A,N/A,N/A,N/A,N/A,N/A,N/A,N/A,N/A
PPW,N/A,N/A,N/A,N/A,N/A,N/A,N/A,N/A,N/A,N/A
PRDCQ,N/A,N/A,N/A,N/A,N/A,N/A,N/A,N/A,N/A,N/A
PRGO,N/A,N/A,N/A,N/A,N/A,N/A,N/A,N/A,N/A,N/A
PRU,N/A,N/A,N/A,N/A,N/A,N/A,N/A,N/A,N/A,N/A
PSA,N/A,N/A,N/A,N/A,N/A,N/A,N/A,N/A,N/A,N/A
PSX,N/A,N/A,N/A,N/A,N/A,N/A,N/A,N/A,N/A,N/A
PTC,N/A,N/A,N/A,N/A,N/A,N/A,N/A,N/A,N/A,N/A
PTV,N/A,N/A,N/A,N/A,N/A,N/A,N/A,N/A,N/A,N/A
PVH,N/A,N/A,N/A,N/A,N/A,N/A,N/A,N/A,N/A,N/A
PVN,N/A,N/A,N/A,N/A,N/A,N/A,N/A,N/A,N/A,N/A
PVT,N/A,N/A,N/A,N/A,N/A,N/A,N/A,N/A,N/A,N/A
PWER,N/A,N/A,N/A,N/A,N/A,N/A,N/A,N/A,N/A,N/A
PWR,N/A,N/A,N/A,N/A,N/A,N/A,N/A,N/A,N/A,N/A
PX,N/A,N/A,N/A,N/A,N/A,N/A,N/A,N/A,N/A,N/A
PXD,N/A,N/A,N/A,N/A,N/A,N/A,N/A,N/A,N/A,N/A
PYPL,N/A,N/A,N/A,N/A,N/A,N/A,N/A,N/A,N/A,N/A
QCOM,N/A,N/A,N/A,N/A,N/A,N/A,N/A,N/A,N/A,N/A
QCP,N/A,N/A,N/A,N/A,N/A,N/A,N/A,N/A,N/A,N/A
QEP,N/A,N/A,N/A,N/A,N/A,N/A,N/A,N/A,N/A,N/A
QLGC,N/A,N/A,N/A,N/A,N/A,N/A,N/A,N/A,N/A,N/A
QRVO,N/A,N/A,N/A,N/A,N/A,N/A,N/A,N/A,N/A,N/A
QTRN,N/A,N/A,N/A,N/A,N/A,N/A,N/A,N/A,N/A,N/A
R,N/A,N/A,N/A,N/A,N/A,N/A,N/A,N/A,N/A,N/A
RAD,N/A,N/A,N/A,N/A,N/A,N/A,N/A,N/A,N/A,N/A
RAI,N/A,N/A,N/A,N/A,N/A,N/A,N/A,N/A,N/A,N/A
RAL,N/A,N/A,N/A,N/A,N/A,N/A,N/A,N/A,N/A,N/A
RATL,N/A,N/A,N/A,N/A,N/A,N/A,N/A,N/A,N/A,N/A
RBD,N/A,N/A,N/A,N/A,N/A,N/A,N/A,N/A,N/A,N/A
RBK,N/A,N/A,N/A,N/A,N/A,N/A,N/A,N/A,N/A,N/A
RCL,N/A,N/A,N/A,N/A,N/A,N/A,N/A,N/A,N/A,N/A
RDC,N/A,N/A,N/A,N/A,N/A,N/A,N/A,N/A,N/A,N/A
RDPL,N/A,N/A,N/A,N/A,N/A,N/A,N/A,N/A,N/A,N/A
RE,N/A,N/A,N/A,N/A,N/A,N/A,N/A,N/A,N/A,N/A
REG,N/A,N/A,N/A,N/A,N/A,N/A,N/A,N/A,N/A,N/A
REGN,N/A,N/A,N/A,N/A,N/A,N/A,N/A,N/A,N/A,N/A
REZI,N/A,N/A,N/A,N/A,N/A,N/A,N/A,N/A,N/A,N/A
RF,N/A,N/A,N/A,N/A,N/A,N/A,N/A,N/A,N/A,N/A
RHDCQ,N/A,N/A,N/A,N/A,N/A,N/A,N/A,N/A,N/A,N/A
RHI,N/A,N/A,N/A,N/A,N/A,N/A,N/A,N/A,N/A,N/A
RHT,N/A,N/A,N/A,N/A,N/A,N/A,N/A,N/A,N/A,N/A
RIG,N/A,N/A,N/A,N/A,N/A,N/A,N/A,N/A,N/A,N/A
RJF,N/A,N/A,N/A,N/A,N/A,N/A,N/A,N/A,N/A,N/A
RL,N/A,N/A,N/A,N/A,N/A,N/A,N/A,N/A,N/A,N/A
RMD,N/A,N/A,N/A,N/A,N/A,N/A,N/A,N/A,N/A,N/A
RML,N/A,N/A,N/A,N/A,N/A,N/A,N/A,N/A,N/A,N/A
RNB,N/A,N/A,N/A,N/A,N/A,N/A,N/A,N/A,N/A,N/A
ROH,N/A,N/A,N/A,N/A,N/A,N/A,N/A,N/A,N/A,N/A
ROK,N/A,N/A,N/A,N/A,N/A,N/A,N/A,N/A,N/A,N/A
ROL,N/A,N/A,N/A,N/A,N/A,N/A,N/A,N/A,N/A,N/A
ROP,N/A,N/A,N/A,N/A,N/A,N/A,N/A,N/A,N/A,N/A
ROST,N/A,N/A,N/A,N/A,N/A,N/A,N/A,N/A,N/A,N/A
RRC,N/A,N/A,N/A,N/A,N/A,N/A,N/A,N/A,N/A,N/A
RRD,N/A,N/A,N/A,N/A,N/A,N/A,N/A,N/A,N/A,N/A
RSG,N/A,N/A,N/A,N/A,N/A,N/A,N/A,N/A,N/A,N/A
RSHCQ,N/A,N/A,N/A,N/A,N/A,N/A,N/A,N/A,N/A,N/A
RTN,N/A,N/A,N/A,N/A,N/A,N/A,N/A,N/A,N/A,N/A
RTN/B,N/A,N/A,N/A,N/A,N/A,N/A,N/A,N/A,N/A,N/A
RX,N/A,N/A,N/A,N/A,N/A,N/A,N/A,N/A,N/A,N/A
RYAN,N/A,N/A,N/A,N/A,N/A,N/A,N/A,N/A,N/A,N/A
RYC,N/A,N/A,N/A,N/A,N/A,N/A,N/A,N/A,N/A,N/A
SANM,N/A,N/A,N/A,N/A,N/A,N/A,N/A,N/A,N/A,N/A
SAPE,N/A,N/A,N/A,N/A,N/A,N/A,N/A,N/A,N/A,N/A
SBAC,N/A,N/A,N/A,N/A,N/A,N/A,N/A,N/A,N/A,N/A
SBUX,STARBUCKS CORP,BBG000CTQBF3,Equity,Common Stock,SBUX,N/A,BBG001S72KH6,N/A,N/A,N/A
SCG,N/A,N/A,N/A,N/A,N/A,N/A,N/A,N/A,N/A,N/A
SCHW,SCHWAB (CHARLES) CORP,BBG000BSLZY7,Equity,Common Stock,SCHW,N/A,BBG001S5VXD4,N/A,N/A,N/A
SCI,SERVICE CORP INTERNATIONAL,BBG000BTHH16,Equity,Common Stock,SCI,N/A,BBG001S5WBJ5,N/A,N/A,N/A
SDH,N/A,N/A,N/A,N/A,N/A,N/A,N/A,N/A,N/A,N/A
SEBL,N/A,N/A,N/A,N/A,N/A,N/A,N/A,N/A,N/A,N/A
SEE,SEALED AIR CORP,BBG000C22QV7,Equity,Common Stock,SEE,N/A,BBG001SBSZ95,N/A,N/A,N/A
SGID,N/A,N/A,N/A,N/A,N/A,N/A,N/A,N/A,N/A,N/A
SGP,SPYGLASS PHARMA INC,BBG01HDDMDS5,Equity,Common Stock,SGP,N/A,BBG01HDDMDT4,N/A,N/A,N/A
SHOY,N/A,N/A,N/A,N/A,N/A,N/A,N/A,N/A,N/A,N/A
SHW,SHERWIN-WILLIAMS CO/THE,BBG000BSXQV7,Equity,Common Stock,SHW,N/A,BBG001S5W2F9,N/A,N/A,N/A
SIAL,N/A,N/A,N/A,N/A,N/A,N/A,N/A,N/A,N/A,N/A
SIG,SIGNET JEWELERS LTD,BBG000C4ZZ10,Equity,Common Stock,SIG,N/A,BBG001S7FKS0,N/A,N/A,N/A
SII,SPROTT INC,BBG000VX8S02,Equity,Common Stock,SII,N/A,BBG001T2FK64,N/A,N/A,N/A
SIVB,N/A,N/A,N/A,N/A,N/A,N/A,N/A,N/A,N/A,N/A
SJM,JM SMUCKER CO/THE,BBG000BT1715,Equity,Common Stock,SJM,N/A,BBG001S5W3H5,N/A,N/A,N/A
SKLNQ,N/A,N/A,N/A,N/A,N/A,N/A,N/A,N/A,N/A,N/A
SKY,CHAMPION HOMES INC,BBG000BT2TP0,Equity,Common Stock,SKY,N/A,BBG001S5W456,N/A,N/A,N/A
SLB,SLB LTD,BBG000BT41Q8,Equity,Common Stock,SLB,N/A,BBG001S5W4C8,N/A,N/A,N/A
SLG,SL GREEN REALTY CORP,BBG000BVP5P2,Equity,REIT,SLG,N/A,BBG001S9Z1V2,N/A,N/A,N/A
SLM,SLM CORP,BBG000BBCQD7,Equity,Common Stock,SLM,N/A,BBG001S5W4T0,N/A,N/A,N/A
SNA,SNAP-ON INC,BBG000BT7JW9,Equity,Common Stock,SNA,N/A,BBG001S5W688,N/A,N/A,N/A
SNDK,SANDISK CORP,BBG01R388JG1,Equity,Common Stock,SNDK,N/A,BBG01R388JK6,N/A,N/A,N/A
SNI,N/A,N/A,N/A,N/A,N/A,N/A,N/A,N/A,N/A,N/A
SNPS,SYNOPSYS INC,BBG000BSFRF3,Equity,Common Stock,SNPS,N/A,BBG001S5VTR8,N/A,N/A,N/A
SNV,N/A,N/A,N/A,N/A,N/A,N/A,N/A,N/A,N/A,N/A
SO,SOUTHERN CO/THE,BBG000BT9DW0,Equity,Common Stock,SO,N/A,BBG001S5W777,N/A,N/A,N/A
SOV,N/A,N/A,N/A,N/A,N/A,N/A,N/A,N/A,N/A,N/A
SPG,SIMON PROPERTY GROUP INC,BBG000BJ2D31,Equity,REIT,SPG,N/A,BBG001S77WM9,N/A,N/A,N/A
SPGI,S&P GLOBAL INC,BBG000BP1Q11,Equity,Common Stock,SPGI,N/A,BBG001S5T5M8,N/A,N/A,N/A
SPLS,PIMCO US STCK ACTV BOND ETF,BBG01ZHG3J20,Equity,ETP,SPLS,N/A,BBG01ZHG3K36,N/A,N/A,N/A
SPXC,SPX TECHNOLOGIES INC,BBG000BTGCV5,Equity,Common Stock,SPXC,N/A,BBG001S5W9N5,N/A,N/A,N/A
SRCL,N/A,N/A,N/A,N/A,N/A,N/A,N/A,N/A,N/A,N/A
SRE,SEMPRA,BBG000C2ZCH8,Equity,Common Stock,SRE,N/A,BBG001SBVZ73,N/A,N/A,N/A
SRR,N/A,N/A,N/A,N/A,N/A,N/A,N/A,N/A,N/A,N/A
SSP,EW SCRIPPS CO/THE-A,BBG000C78J55,Equity,Common Stock,SSP,N/A,BBG001S6PY74,N/A,N/A,N/A
STI,SOLIDION TECHNOLOGY INC,BBG013KL70L2,Equity,Common Stock,STI,N/A,BBG013KL71K1,N/A,N/A,N/A
STJ,N/A,N/A,N/A,N/A,N/A,N/A,N/A,N/A,N/A,N/A
STR,N/A,N/A,N/A,N/A,N/A,N/A,N/A,N/A,N/A,N/A
STT,STATE STREET CORP,BBG000BKFBD7,Equity,Common Stock,STT,N/A,BBG001S5RLD5,N/A,N/A,N/A
STX,SEAGATE TECHNOLOGY HOLDINGS,BBG0113JGQF0,Equity,Common Stock,STX,N/A,BBG0113JGQG9,N/A,N/A,N/A
STZ,CONSTELLATION BRANDS INC-A,BBG000J1QLT0,Equity,Common Stock,STZ,N/A,BBG001SD31G5,N/A,N/A,N/A
SUNEQ,N/A,N/A,N/A,N/A,N/A,N/A,N/A,N/A,N/A,N/A
SVU,N/A,N/A,N/A,N/A,N/A,N/A,N/A,N/A,N/A,N/A
SWK,STANLEY BLACK & DECKER INC,BBG000BTQR96,Equity,Common Stock,SWK,N/A,BBG001S5WHT1,N/A,N/A,N/A
SWKS,SKYWORKS SOLUTIONS INC,BBG000KLB4Q1,Equity,Common Stock,SWKS,N/A,BBG001SCYWS2,N/A,N/A,N/A
SWN,N/A,N/A,N/A,N/A,N/A,N/A,N/A,N/A,N/A,N/A
SWY,N/A,N/A,N/A,N/A,N/A,N/A,N/A,N/A,N/A,N/A
SXCL,N/A,N/A,N/A,N/A,N/A,N/A,N/A,N/A,N/A,N/A
SYF,SYNCHRONY FINANCIAL,BBG00658F3P3,Equity,Common Stock,SYF,N/A,BBG00658F3Q2,N/A,N/A,N/A
SYK,STRYKER CORP,BBG000DN7P92,Equity,Common Stock,SYK,N/A,BBG001S8FR03,N/A,N/A,N/A
SYMC,N/A,N/A,N/A,N/A,N/A,N/A,N/A,N/A,N/A,N/A
SYY,SYSCO CORP,BBG000BTVJ25,Equity,Common Stock,SYY,N/A,BBG001S5WJS8,N/A,N/A,N/A
T,AT&T INC,BBG000BSJK37,Equity,Common Stock,T,N/A,BBG001S5VWH2,N/A,N/A,N/A
TAP,MOLSON COORS BEVERAGE CO - B,BBG000BS7KS3,Equity,Common Stock,TAP,N/A,BBG001S5VQ21,N/A,N/A,N/A
TAP/B,N/A,N/A,N/A,N/A,N/A,N/A,N/A,N/A,N/A,N/A
TCOMA,N/A,N/A,N/A,N/A,N/A,N/A,N/A,N/A,N/A,N/A
TDC,TERADATA CORP,BBG000R0L5J4,Equity,Common Stock,TDC,N/A,BBG001SPRJ28,N/A,N/A,N/A
TDG,TRANSDIGM GROUP INC,BBG000L8CBX4,Equity,Common Stock,TDG,N/A,BBG001SPV1C1,N/A,N/A,N/A
TDM,N/A,N/A,N/A,N/A,N/A,N/A,N/A,N/A,N/A,N/A
TEG,N/A,N/A,N/A,N/A,N/A,N/A,N/A,N/A,N/A,N/A
TEK,ISHARES TECHNOLOGY OPP A ETF,BBG01Q8ZRPG3,Equity,ETP,TEK,N/A,BBG01Q8ZRQ99,N/A,N/A,N/A
TEL,TE CONNECTIVITY PLC,BBG01Q08MMR1,Equity,Common Stock,TEL,N/A,BBG01Q08MMX4,N/A,N/A,N/A
TEN,TSAKOS ENERGY NAVIGATION LTD,BBG000BRM155,Equity,Common Stock,TEN,N/A,BBG001S8R1R8,N/A,N/A,N/A
TER,TERADYNE INC,BBG000BV4DR6,Equity,Common Stock,TER,N/A,BBG001S5WMZ3,N/A,N/A,N/A
TEX,TEREX CORP,BBG000C7B436,Equity,Common Stock,TEX,N/A,BBG001S6PZQ0,N/A,N/A,N/A
TFCF,N/A,N/A,N/A,N/A,N/A,N/A,N/A,N/A,N/A,N/A
TFCFA,N/A,N/A,N/A,N/A,N/A,N/A,N/A,N/A,N/A,N/A
TFX,TELEFLEX INC,BBG000BV59Y6,Equity,Common Stock,TFX,N/A,BBG001S5WNP2,N/A,N/A,N/A
TGNA,TEGNA INC,BBG000BK5DP1,Equity,Common Stock,TGNA,N/A,BBG001S5RHD4,N/A,N/A,N/A
TGT,TARGET CORP,BBG000H8TVT2,Equity,Common Stock,TGT,N/A,BBG001SC0K41,N/A,N/A,N/A
THC,TENET HEALTHCARE CORP,BBG000CPHYL4,Equity,Common Stock,THC,N/A,BBG001S70FY0,N/A,N/A,N/A
THY,TOEWS AGILITY SHARES DYNAMIC,BBG00S7P3N01,Equity,ETP,THY,N/A,BBG00S7P3NR2,N/A,N/A,N/A
TIE,N/A,N/A,N/A,N/A,N/A,N/A,N/A,N/A,N/A,N/A
TIF,N/A,N/A,N/A,N/A,N/A,N/A,N/A,N/A,N/A,N/A
TIN,N/A,N/A,N/A,N/A,N/A,N/A,N/A,N/A,N/A,N/A
TJX,TJX COMPANIES INC,BBG000BV8DN6,Equity,Common Stock,TJX,N/A,BBG001S5WQ93,N/A,N/A,N/A
TKR,TIMKEN CO,BBG000BV95H9,Equity,Common Stock,TKR,N/A,BBG001S5WQK0,N/A,N/A,N/A
TLAB,N/A,N/A,N/A,N/A,N/A,N/A,N/A,N/A,N/A,N/A
TMC,TMC THE METALS CO INC,BBG00SMMWMM7,Equity,Common Stock,TMC,N/A,BBG00SMMWMN6,N/A,N/A,N/A
TMK,N/A,N/A,N/A,N/A,N/A,N/A,N/A,N/A,N/A,N/A
TMO,THERMO FISHER SCIENTIFIC INC,BBG000BVDLH9,Equity,Common Stock,TMO,N/A,BBG001S5WS08,N/A,N/A,N/A
TMUS,T-MOBILE US INC,BBG000NDV1D4,Equity,Common Stock,TMUS,N/A,BBG001SKR9Y6,N/A,N/A,N/A
TNB,N/A,N/A,N/A,N/A,N/A,N/A,N/A,N/A,N/A,N/A
TOS,TWIN OAK ETF COMPANY,BBG01ZKMD611,Equity,ETP,TOS,N/A,BBG01ZKMD728,N/A,N/A,N/A
TOY,N/A,N/A,N/A,N/A,N/A,N/A,N/A,N/A,N/A,N/A
TPR,TAPESTRY INC,BBG000BY29C7,Equity,Common Stock,TPR,N/A,BBG001SFH7D5,N/A,N/A,N/A
TRB,N/A,N/A,N/A,N/A,N/A,N/A,N/A,N/A,N/A,N/A
TRIP,TRIPADVISOR INC,BBG001M8HHB7,Equity,Common Stock,TRIP,N/A,BBG001V10VR2,N/A,N/A,N/A
TROW,T ROWE PRICE GROUP INC,BBG000BVMPN3,Equity,Common Stock,TROW,N/A,BBG001S5WW18,N/A,N/A,N/A
TRV,TRAVELERS COS INC/THE,BBG000BJ81C1,Equity,Common Stock,TRV,N/A,BBG001S5R103,N/A,N/A,N/A
TSCO,TRACTOR SUPPLY COMPANY,BBG000BLXZN1,Equity,Common Stock,TSCO,N/A,BBG001S7K017,N/A,N/A,N/A
TSN,TYSON FOODS INC-CL A,BBG000DKCC19,Equity,Common Stock,TSN,N/A,BBG001S871D5,N/A,N/A,N/A
TSS,N/A,N/A,N/A,N/A,N/A,N/A,N/A,N/A,N/A,N/A
TT,TRANE TECHNOLOGIES PLC,BBG000BM6788,Equity,Common Stock,TT,N/A,BBG001S5SBV6,N/A,N/A,N/A
TTWO,TAKE-TWO INTERACTIVE SOFTWRE,BBG000BS1YV5,Equity,Common Stock,TTWO,N/A,BBG001S9TN41,N/A,N/A,N/A
TUP,N/A,N/A,N/A,N/A,N/A,N/A,N/A,N/A,N/A,N/A
TWC,N/A,N/A,N/A,N/A,N/A,N/A,N/A,N/A,N/A,N/A
TWTR,N/A,N/A,N/A,N/A,N/A,N/A,N/A,N/A,N/A,N/A
TWX,N/A,N/A,N/A,N/A,N/A,N/A,N/A,N/A,N/A,N/A
TXN,TEXAS INSTRUMENTS INC,BBG000BVV7G1,Equity,Common Stock,TXN,N/A,BBG001S5WYZ7,N/A,N/A,N/A
TXT,TEXTRON INC,BBG000BVVQQ8,Equity,Common Stock,TXT,N/A,BBG001S5WZ39,N/A,N/A,N/A
TXU,N/A,N/A,N/A,N/A,N/A,N/A,N/A,N/A,N/A,N/A
UA,UNDER ARMOUR INC-CLASS C,BBG009DTD8H2,Equity,Common Stock,UA,N/A,BBG009DTD8J0,N/A,N/A,N/A
UAA,UNDER ARMOUR INC-CLASS A,BBG000BXM6V2,Equity,Common Stock,UAA,N/A,BBG001SJLLQ7,N/A,N/A,N/A
UAL,UNITED AIRLINES HOLDINGS INC,BBG000M65M61,Equity,Common Stock,UAL,N/A,BBG001SQ87W0,N/A,N/A,N/A
UALAQ,N/A,N/A,N/A,N/A,N/A,N/A,N/A,N/A,N/A,N/A
UAWGQ,N/A,N/A,N/A,N/A,N/A,N/A,N/A,N/A,N/A,N/A
UCL,UCLOUDLINK GROUP INC,BBG00TN8NYF7,Equity,ADR,UCL,N/A,BBG00TN8NZ64,N/A,N/A,N/A
UCM,N/A,N/A,N/A,N/A,N/A,N/A,N/A,N/A,N/A,N/A
UDR,UDR INC,BBG000C41023,Equity,REIT,UDR,N/A,BBG001S6KCT3,N/A,N/A,N/A
UEP,N/A,N/A,N/A,N/A,N/A,N/A,N/A,N/A,N/A,N/A
UHS,UNIVERSAL HEALTH SERVICES-B,BBG000CB8Q50,Equity,Common Stock,UHS,N/A,BBG001S6S976,N/A,N/A,N/A
UIS,UNISYS CORP,BBG000BW0R88,Equity,Common Stock,UIS,N/A,BBG001S5X1D2,N/A,N/A,N/A
ULTA,ULTA BEAUTY INC,BBG00FWQ4VD6,Equity,Common Stock,ULTA,N/A,BBG00FWQ4W44,N/A,N/A,N/A
UMGI,N/A,N/A,N/A,N/A,N/A,N/A,N/A,N/A,N/A,N/A
UN,N/A,N/A,N/A,N/A,N/A,N/A,N/A,N/A,N/A,N/A
UNH,UNITEDHEALTH GROUP INC,BBG000CH5208,Equity,Common Stock,UNH,N/A,BBG001S6WCJ1,N/A,N/A,N/A
UNM,UNUM GROUP,BBG000BW2QX0,Equity,Common Stock,UNM,N/A,BBG001S5X2J4,N/A,N/A,N/A
UNP,UNION PACIFIC CORP,BBG000BW3299,Equity,Common Stock,UNP,N/A,BBG001S5X2M0,N/A,N/A,N/A
UPC,UNIVERSE PHARMACEUTICAL-CL A,BBG00WRF65K6,Equity,Common Stock,UPC,N/A,BBG00WRF66B4,N/A,N/A,N/A
UPJ,N/A,N/A,N/A,N/A,N/A,N/A,N/A,N/A,N/A,N/A
UPS,UNITED PARCEL SERVICE-CL B,BBG000L9CV04,Equity,Common Stock,UPS,N/A,BBG001SDGSH1,N/A,N/A,N/A
URBN,URBAN OUTFITTERS INC,BBG000BL79J3,Equity,Common Stock,URBN,N/A,BBG001S7H9K1,N/A,N/A,N/A
URI,UNITED RENTALS INC,BBG000BXMFC3,Equity,Common Stock,URI,N/A,BBG001SBGZ25,N/A,N/A,N/A
USB,US BANCORP,BBG000FFDM15,Equity,Common Stock,USB,N/A,BBG001S6T8C1,N/A,N/A,N/A
USHC,N/A,N/A,N/A,N/A,N/A,N/A,N/A,N/A,N/A,N/A
USW,N/A,N/A,N/A,N/A,N/A,N/A,N/A,N/A,N/A,N/A
UTX,ULTRATREX INC-A,BBG01X4WM088,Equity,Common Stock,UTX,N/A,BBG01X4WM177,N/A,N/A,N/A
V,VISA INC-CLASS A SHARES,BBG000PSKYX7,Equity,Common Stock,V,N/A,BBG001SRCFY3,N/A,N/A,N/A
VAR,N/A,N/A,N/A,N/A,N/A,N/A,N/A,N/A,N/A,N/A
VAT,N/A,N/A,N/A,N/A,N/A,N/A,N/A,N/A,N/A,N/A
VFC,VF CORP,BBG000BWCKB6,Equity,Common Stock,VFC,N/A,BBG001S5X749,N/A,N/A,N/A
VIAB,N/A,N/A,N/A,N/A,N/A,N/A,N/A,N/A,N/A,N/A
VIAV,VIAVI SOLUTIONS INC,BBG000BP7JB0,Equity,Common Stock,VIAV,N/A,BBG001S92GV5,N/A,N/A,N/A
VLO,VALERO ENERGY CORP,BBG000BBGGQ1,Equity,Common Stock,VLO,N/A,BBG001S5X8K9,N/A,N/A,N/A
VMC,VULCAN MATERIALS CO,BBG000BWGYF8,Equity,Common Stock,VMC,N/A,BBG001S5X8R2,N/A,N/A,N/A
VNO,VORNADO REALTY TRUST,BBG000BWHD54,Equity,REIT,VNO,N/A,BBG001S5X909,N/A,N/A,N/A
VREX,VAREX IMAGING CORP,BBG00CZNLR47,Equity,Common Stock,VREX,N/A,BBG00CZNLR38,N/A,N/A,N/A
VRSK,VERISK ANALYTICS INC,BBG000BCZL41,Equity,Common Stock,VRSK,N/A,BBG001SBRX64,N/A,N/A,N/A
VRSN,VERISIGN INC,BBG000BGKHZ3,Equity,Common Stock,VRSN,N/A,BBG001S7BCF6,N/A,N/A,N/A
VRTX,VERTEX PHARMACEUTICALS INC,BBG000C1S2X2,Equity,Common Stock,VRTX,N/A,BBG001S68LJ8,N/A,N/A,N/A
VSM,N/A,N/A,N/A,N/A,N/A,N/A,N/A,N/A,N/A,N/A
VSTNQ,N/A,N/A,N/A,N/A,N/A,N/A,N/A,N/A,N/A,N/A
VTR,VENTAS INC,BBG000FRVHB9,Equity,REIT,VTR,N/A,BBG001S9T7M6,N/A,N/A,N/A
VTSS,N/A,N/A,N/A,N/A,N/A,N/A,N/A,N/A,N/A,N/A
VVI,N/A,N/A,N/A,N/A,N/A,N/A,N/A,N/A,N/A,N/A
VZ,VERIZON COMMUNICATIONS INC,BBG000HS77T5,Equity,Common Stock,VZ,N/A,BBG001S67QY1,N/A,N/A,N/A
WAB,WABTEC CORP,BBG000BDD940,Equity,Common Stock,WAB,N/A,BBG001S5XBT3,N/A,N/A,N/A
WAI,TOP KINGWIN LTD-A,BBG01CD9LYR1,Equity,Common Stock,WAI,N/A,BBG01CD9LZL4,N/A,N/A,N/A
WAMUQ,N/A,N/A,N/A,N/A,N/A,N/A,N/A,N/A,N/A,N/A
WAT,WATERS CORP,BBG000FQRVM3,Equity,Common Stock,WAT,N/A,BBG001S8MDG9,N/A,N/A,N/A
WBA,N/A,N/A,N/A,N/A,N/A,N/A,N/A,N/A,N/A,N/A
WCG,N/A,N/A,N/A,N/A,N/A,N/A,N/A,N/A,N/A,N/A
WCOEQ,N/A,N/A,N/A,N/A,N/A,N/A,N/A,N/A,N/A,N/A
WDC,WESTERN DIGITAL CORP,BBG000BWNFZ9,Equity,Common Stock,WDC,N/A,BBG001S5XD28,N/A,N/A,N/A
WEC,WEC ENERGY GROUP INC,BBG000BWP7D9,Equity,Common Stock,WEC,N/A,BBG001S5XDC7,N/A,N/A,N/A
WELL,WELLTOWER INC,BBG000BKY1G5,Equity,REIT,WELL,N/A,BBG001S5RTQ4,N/A,N/A,N/A
WFC,WELLS FARGO & CO,BBG000BWQFY7,Equity,Common Stock,WFC,N/A,BBG001S5XF23,N/A,N/A,N/A
WFM,N/A,N/A,N/A,N/A,N/A,N/A,N/A,N/A,N/A,N/A
WFT,N/A,N/A,N/A,N/A,N/A,N/A,N/A,N/A,N/A,N/A
WHR,WHIRLPOOL CORP,BBG000BWSV34,Equity,Common Stock,WHR,N/A,BBG001S5XFS5,N/A,N/A,N/A
WIN,N/A,N/A,N/A,N/A,N/A,N/A,N/A,N/A,N/A,N/A
WLA,N/A,N/A,N/A,N/A,N/A,N/A,N/A,N/A,N/A,N/A
WLTW,N/A,N/A,N/A,N/A,N/A,N/A,N/A,N/A,N/A,N/A
WM,WASTE MANAGEMENT INC,BBG000BWVSR1,Equity,Common Stock,WM,N/A,BBG001S5XH47,N/A,N/A,N/A
WMB,WILLIAMS COS INC,BBG000BWVCP8,Equity,Common Stock,WMB,N/A,BBG001S5XH10,N/A,N/A,N/A
WMT,WALMART INC,BBG000BWXBC2,Equity,Common Stock,WMT,N/A,BBG001S5XH92,N/A,N/A,N/A
WMX,N/A,N/A,N/A,N/A,N/A,N/A,N/A,N/A,N/A,N/A
WNDXQ,N/A,N/A,N/A,N/A,N/A,N/A,N/A,N/A,N/A,N/A
WOR,WORTHINGTON ENTERPRISES INC,BBG000HL7499,Equity,Common Stock,WOR,N/A,BBG001S6XN51,N/A,N/A,N/A
WPX,N/A,N/A,N/A,N/A,N/A,N/A,N/A,N/A,N/A,N/A
WRK,N/A,N/A,N/A,N/A,N/A,N/A,N/A,N/A,N/A,N/A
WU,WESTERN UNION CO,BBG000BB5373,Equity,Common Stock,WU,N/A,BBG001SR0YK0,N/A,N/A,N/A
WWY,N/A,N/A,N/A,N/A,N/A,N/A,N/A,N/A,N/A,N/A
WY,WEYERHAEUSER CO,BBG000BX3BL3,Equity,REIT,WY,N/A,BBG001S5XL11,N/A,N/A,N/A
WYE,N/A,N/A,N/A,N/A,N/A,N/A,N/A,N/A,N/A,N/A
WYND,N/A,N/A,N/A,N/A,N/A,N/A,N/A,N/A,N/A,N/A
WYNN,WYNN RESORTS LTD,BBG000LD9JQ8,Equity,Common Stock,WYNN,N/A,BBG001SJZ2V8,N/A,N/A,N/A
X,N/A,N/A,N/A,N/A,N/A,N/A,N/A,N/A,N/A,N/A
XEC,N/A,N/A,N/A,N/A,N/A,N/A,N/A,N/A,N/A,N/A
XEL,XCEL ENERGY INC,BBG000BCTQ65,Equity,Common Stock,XEL,N/A,BBG001S7F0X8,N/A,N/A,N/A
XL,N/A,N/A,N/A,N/A,N/A,N/A,N/A,N/A,N/A,N/A
XLNX,N/A,N/A,N/A,N/A,N/A,N/A,N/A,N/A,N/A,N/A
XOM,EXXON MOBIL CORP,BBG000GZQ728,Equity,Common Stock,XOM,N/A,BBG001S69V32,N/A,N/A,N/A
XRAY,DENTSPLY SIRONA INC,BBG000BX57K1,Equity,Common Stock,XRAY,N/A,BBG001S5XLV8,N/A,N/A,N/A
XRX,XEROX HOLDINGS CORP,BBG00NNG2ZJ8,Equity,Common Stock,XRX,N/A,BBG00NNG2ZK6,N/A,N/A,N/A
XTO,N/A,N/A,N/A,N/A,N/A,N/A,N/A,N/A,N/A,N/A
XYL,XYLEM INC,BBG001D8R5D0,Equity,Common Stock,XYL,N/A,BBG001V05C73,N/A,N/A,N/A
YNR,N/A,N/A,N/A,N/A,N/A,N/A,N/A,N/A,N/A,N/A
YRCW,N/A,N/A,N/A,N/A,N/A,N/A,N/A,N/A,N/A,N/A
YUM,YUM! BRANDS INC,BBG000BH3GZ2,Equity,Common Stock,YUM,N/A,BBG001S7JQ30,N/A,N/A,N/A
YUMC,YUM CHINA HOLDINGS INC,BBG00B8N0HG1,Equity,Common Stock,YUMC,N/A,BBG00B8N0HH0,N/A,N/A,N/A
ZBH,ZIMMER BIOMET HOLDINGS INC,BBG000BKPL53,Equity,Common Stock,ZBH,N/A,BBG001S7DQJ9,N/A,N/A,N/A
ZETHQ,N/A,N/A,N/A,N/A,N/A,N/A,N/A,N/A,N/A,N/A
ZION,ZIONS BANCORP NA,BBG000BX9WL1,Equity,Common Stock,ZION,N/A,BBG001S5XN80,N/A,N/A,N/A
ZRN,N/A,N/A,N/A,N/A,N/A,N/A,N/A,N/A,N/A,N/A
ZTS,ZOETIS INC,BBG0039320N9,Equity,Common Stock,ZTS,N/A,BBG0039320P7,N/A,N/A,N/A
ZTS-W,N/A,N/A,N/A,N/A,N/A,N/A,N/A,N/A,N/A,N/A
